id,topic_name,word,phonetic,source
abec33f7-d5cf-4d78-abff-a16c73245224,IELTS writing - Describe Change/Trends,Fall,/fɔːl/,dictionary
a5939fa6-716f-4b2c-9666-eb07c03d8767,IELTS writing - Describe Change/Trends,Nosedive,/ˈnoʊzˌdaɪv/,eng_to_ipa
4e9b7508-0b80-414f-ac35-4ccf0af66efe,IELTS writing - Describe Change/Trends,Decline,/dɪˈklaɪn/,dictionary
0395f7cf-afc5-4bf1-b995-869a3b643d7f,IELTS writing - Describe Change/Trends,Slump,/slʌmp/,dictionary
3d2c04df-9efc-4a89-b2f5-7a11715c1577,IELTS writing - Describe Change/Trends,Undergo a decline,/ˌʌndəˈɡəʊ ə dɪˈklaɪn/,dictionary+fixed_function
36001913-7644-42da-9a2e-595368a96079,IELTS writing - Describe Change/Trends,Ascend,/əˈsɛnd/,dictionary
97f4bca8-7414-45ca-bff1-3d9d42b78419,IELTS writing - Describe Change/Trends,Jump,/dʒʌmp/,dictionary
8d829890-8e4f-4f69-bd09-e6cd3c5298e0,IELTS writing - Describe Change/Trends,Decrease,/ˈdiˌkris/,eng_to_ipa
9d2a9450-9ce2-4b21-9df1-67c353c03267,IELTS writing - Describe Change/Trends,Upswing,/ˈəpsˌwɪŋ/,eng_to_ipa
e0217c05-089e-4b89-9e1a-547ba3d43509,IELTS writing - Describe Change/Trends,Recede,/ɹɨˈsiːd/,dictionary
cd1656a6-bdea-4488-a9eb-284416452b5e,IELTS writing - Describe Change/Trends,Progress,/ˈpɹɒɡɹɛs/,dictionary
01516338-4513-4bc5-9224-bca6cf592f32,IELTS writing - Describe Change/Trends,Experience an upward trajectory,/ɪkˈspɪə.ɹɪəns ən ˈʌpwəd tɹəˈdʒɛktəɹɪ/,dictionary+fixed_function
0b5b0190-e0ef-4f1d-ad19-b19a09d1e700,IELTS writing - Describe Change/Trends,Eclipse,/iˈklɪps/,dictionary
0fd654c3-5e00-489d-8bb7-e4398ea81b0b,IELTS writing - Describe Change/Trends,Show a rise,/ʃəʊ ə ɹaɪs/,dictionary+fixed_function
2f8aed2d-eb43-40ec-a05b-59a594fe2ac9,IELTS writing - Describe Change/Trends,Skyrocket,/ˈskaɪˌɹɒk.ɪt/,dictionary
c4b3cb78-01a3-4560-8c84-29cf1c6a1cc8,IELTS writing - Describe Change/Trends,Leap,/liːp/,dictionary
25e6770b-91c5-459f-922c-4b94ee500121,IELTS writing - Describe Change/Trends,Recover,/ɹɪˈkʌvə/,dictionary
b6d7365b-a8b6-4835-8e6e-f27df633151e,IELTS writing - Describe Change/Trends,Drop,/dɹɒp/,dictionary
56983cdc-2f15-41b0-8eef-2875f5cca0aa,IELTS writing - Describe Change/Trends,Register a gain,/ˈɹɛdʒ.ɪs.tə ə ɡeɪn/,dictionary+fixed_function
bac21e88-bee5-4abe-94c0-9c733be0d5e2,IELTS writing - Describe Change/Trends,Improvement,/ˌɪmˈpruvmənt/,eng_to_ipa
7177b598-73e6-4d31-9806-0d327053c410,IELTS writing - Describe Change/Trends,Outstrip,/aʊtˈstrɪp/,eng_to_ipa
ee121421-49ed-4034-9f11-87d81cee07b9,IELTS writing - Describe Change/Trends,Demonstrate a fall,/ˈdɛmənˌstreɪt ə fɔːl/,dictionary+eng_to_ipa+fixed_function
bd480ec1-a58d-4576-aa61-12aa87e7649d,IELTS writing - Describe Change/Trends,Bounce back,/baʊns bæk/,eng_to_ipa
64fe5113-db6c-4fcd-9734-0e2e15b607f1,IELTS writing - Describe Change/Trends,Expansion,/ɪkˈspænʧən/,eng_to_ipa
509e51c2-1538-49f2-8cac-be4c6be57a4d,IELTS writing - Describe Change/Trends,Dwarf,/dwɔrf/,eng_to_ipa
778ac86d-a6db-416b-83fc-e5fb2bbc85e1,IELTS writing - Describe Change/Trends,Expand,/ɪkˈspænd/,eng_to_ipa
5201e43b-8406-40c3-9fc1-c0f4e801e39a,IELTS writing - Describe Change/Trends,Post a decline,/poʊst ə dɪˈklaɪn/,dictionary+eng_to_ipa+fixed_function
12f5710b-e4a7-43f5-b13e-ba67bb7299a5,IELTS writing - Describe Change/Trends,Rally,/ˈræli/,eng_to_ipa
e513e4b4-0185-4c46-81dc-681ae6341d46,IELTS writing - Describe Change/Trends,Advance,/ədˈvæns/,eng_to_ipa
1cb75e31-48c1-4a69-b1bf-8f0dc72e9a7c,IELTS writing - Describe Change/Trends,Overtake,/ˈoʊvərˌteɪk/,eng_to_ipa
a438049f-200d-49e9-8dbc-cfb917e2b10e,IELTS writing - Describe Change/Trends,Spiral downward,/ˈspaɪrəl ˈdaʊnwərd/,eng_to_ipa
4eb9f2a3-5126-4cf8-8db7-32493becb170,IELTS writing - Describe Change/Trends,Exhibit an increase,/ɪgˈzɪbɪt ən ˌɪnˈkris/,eng_to_ipa+fixed_function
2b2674ea-9fe4-4dd8-9d48-07b8b414d47e,IELTS writing - Describe Change/Trends,Increase,/ˌɪnˈkris/,eng_to_ipa
83aa8f54-1a2e-455f-af06-b754583a1e27,IELTS writing - Describe Change/Trends,Gain,/ɡeɪn/,dictionary
7ef0a448-154c-4bdb-990a-7fb65a4d61aa,IELTS writing - Describe Change/Trends,Climb,/klaɪm/,eng_to_ipa
4ee42456-6f47-44e0-adb4-dcd188d21347,IELTS writing - Describe Change/Trends,Rebound,/riˈbaʊnd/,eng_to_ipa
d2a76623-0c56-495a-b87b-2334fa86ec88,IELTS writing - Describe Change/Trends,Soar,/sɔr/,eng_to_ipa
807eed20-3089-4f81-8fc8-b9743444c7f9,IELTS writing - Describe Change/Trends,Plummet,/ˈpləmət/,eng_to_ipa
f463b85f-63ad-4f84-b3c5-fca8082c25d5,IELTS writing - Describe Change/Trends,Lag behind,/læg bɪˈhaɪnd/,eng_to_ipa
093da236-f871-4b4c-a9fc-3de749ff99e9,IELTS writing - Describe Change/Trends,Proliferate,/proʊˈlɪfərˌeɪt/,eng_to_ipa
2e649e77-0f2a-4a62-883b-bcd443cf8c29,IELTS writing - Describe Change/Trends,Outpace,/ˈaʊtˌpeɪs/,eng_to_ipa
06603f64-3af3-4058-9a34-ee8177d376f6,IELTS writing - Describe Change/Trends,Boom,/bum/,eng_to_ipa
30ae4c75-82ff-4f54-971b-abb4c26659a6,IELTS writing - Describe Change/Trends,Resurgence,/riˈsərʤəns/,eng_to_ipa
472896ba-00b9-4398-9afb-aa73a5274977,IELTS writing - Describe Change/Trends,Transcend,/trænˈsɛnd/,eng_to_ipa
6f7ab63d-48b1-4687-96a9-63979053a24d,IELTS writing - Describe Change/Trends,Record a growth,/ˈrɛkərd ə groʊθ/,eng_to_ipa+fixed_function
6f1e4d3c-245a-4ded-9099-38902c5c4b86,IELTS writing - Describe Change/Trends,Rocket,/ˈrɑkət/,eng_to_ipa
84c82b69-3f44-47d3-af6d-99a3f69b5030,IELTS writing - Describe Change/Trends,Escalate,/ˈɛskəˌleɪt/,eng_to_ipa
ab761163-b91d-47ed-a85e-ed3d8cef46d2,IELTS writing - Describe Change/Trends,Intensify,/ˌɪnˈtɛnsɪˌfaɪ/,eng_to_ipa
0dc4d386-539e-4e10-a6ea-13065bb4427b,IELTS writing - Describe Change/Trends,Revive,/rɪˈvaɪv/,eng_to_ipa
6106c742-1829-49c6-ba04-77531b44eb56,IELTS writing - Describe Change/Trends,Go up,/goʊ əp/,eng_to_ipa
b3a3d79e-7275-4c7a-9a8e-c29458e7bf2c,IELTS writing - Describe Change/Trends,Uplift,/ˈəplɪft/,eng_to_ipa
d76ef995-faa1-47a9-be9d-1c30f1d4cc9e,IELTS writing - Describe Change/Trends,Rise,/ɹaɪs/,dictionary
b0641b1f-e89b-4559-9fa8-3b4c8f803d62,IELTS writing - Describe Change/Trends,Surpass,/sərˈpæs/,eng_to_ipa
d289b9e0-944e-42ee-abba-b0fdab11c307,IELTS writing - Describe Change/Trends,Spiral upward,/ˈspaɪrəl ˈʌpwəd/,dictionary+eng_to_ipa
e8e6ebfd-8360-4637-81da-1316bb22d6d8,IELTS writing - Describe Change/Trends,Dwindle,/dˈwɪndəl/,eng_to_ipa
847cefef-ff53-47eb-a6fb-d3642300d8b4,IELTS writing - Describe Change/Trends,Sink,/sɪŋk/,eng_to_ipa
026e18b5-4ad3-4ba7-9655-746e22718299,IELTS writing - Describe Change/Trends,Surge,/sərʤ/,eng_to_ipa
bdd6f18c-0199-4558-9fcf-15a0627b4dff,IELTS writing - Describe Change/Trends,Experience a surge,/ɪkˈspɪə.ɹɪəns ə sərʤ/,dictionary+eng_to_ipa+fixed_function
b1798bf2-2d36-4a83-a7ec-159dfa31f983,IELTS writing - Describe Change/Trends,Upturn,/ˈəpˌtərn/,eng_to_ipa
6258c93d-f18d-40df-afc9-67c85ce909e1,IELTS writing - Describe Change/Trends,Recovery,/rɪˈkəvəri/,eng_to_ipa
98d75cd2-c711-4899-8137-3a80a3ec13a4,IELTS writing - Describe Change/Trends,Growth,/groʊθ/,eng_to_ipa
719b7609-4c23-41de-aef7-d7d4d13edae4,IELTS writing - Describe Change/Trends,Grow,/groʊ/,eng_to_ipa
28fa7180-797f-476e-939d-a11cda601fb3,IELTS writing - Describe Change/Trends,Plunge,/plənʤ/,eng_to_ipa
c84fd1ee-abfc-4fb5-8544-80895d671064,03 - Starting and Finishing,call it quits,/kɔl ɪt kwɪts/,eng_to_ipa
21e53974-c7fa-4c6e-b160-9666f5807b58,03 - Starting and Finishing,call it a day,/kɔl ɪt ə deɪ/,eng_to_ipa+fixed_function
89bb6845-0095-42aa-89d2-aa57cdc0cc72,03 - Starting and Finishing,get started,/gɪt ˈstɑrtɪd/,eng_to_ipa
e72351e6-0592-4e36-ab13-084fad7caeff,03 - Starting and Finishing,break new ground,/breɪk nu graʊnd/,eng_to_ipa
25bcbe79-2f60-4c0f-a249-c74980033347,03 - Starting and Finishing,get in on the ground floor,/gɪt ɪn ɔn ðə graʊnd flɔr/,eng_to_ipa+fixed_function
074b771e-fe79-4fb5-9968-d2613966c863,03 - Starting and Finishing,get off to a bad start,/gɪt ɔf tə ə bæːd stɑrt/,dictionary+eng_to_ipa+fixed_function
6d419e3d-7e54-46b7-aa7f-edaf3156c9ef,03 - Starting and Finishing,a perfect end,/ə ˈpɜː.fɛkt ɛnd/,dictionary+fixed_function
04878d7e-7449-4ba4-9c9d-c77724adadf9,03 - Starting and Finishing,be in on the ground floor,/bi ɪn ɔn ðə graʊnd flɔr/,eng_to_ipa+fixed_function
5885d26e-8270-4668-859c-cf67e4830185,03 - Starting and Finishing,be in the first flush of,/bi ɪn ðə fɪrst ˈflʌʃ əv/,dictionary+eng_to_ipa+fixed_function
da7e80da-359f-4d91-9861-26405964c2b6,03 - Starting and Finishing,from start to finish,/frəm stɑrt tə ˈfɪnɪʃ/,dictionary+eng_to_ipa+fixed_function
bca515e3-e759-4c39-a255-153fbef60885,03 - Starting and Finishing,be done and dusted,/bi dʌn ən ˈdʌstɪd/,dictionary+eng_to_ipa+fixed_function
d86fc501-8f99-454a-85a8-eb1c2032f0d1,03 - Starting and Finishing,wrap up an event,/ɹæp əp ən əˈvɛnt/,dictionary+eng_to_ipa+fixed_function
d44512a5-42f0-4ad4-83b7-cb27a7ac6eec,03 - Starting and Finishing,end result,/ɛnd ɹɪˈzʌlt/,dictionary
54fdee29-b373-4125-80ff-3f8073aab7be,03 - Starting and Finishing,terminate an agreement,/ˈtɜːmɪneɪt ən əˈɡɹiːmənt/,dictionary+fixed_function
e995b0ea-aad7-460d-99ab-825be605e7a8,03 - Starting and Finishing,make a promising start,/meɪk ə ˈpɹɒmɪsɪŋ stɑrt/,dictionary+eng_to_ipa+fixed_function
284206b6-3baa-4a07-8f95-46c0462de378,03 - Starting and Finishing,signal the start of sth,/ˈsɪɡnəl ðə stɑrt əv ˈsamθɪŋ/,dictionary+eng_to_ipa+fixed_function
2272ae05-6665-42ce-96b6-8bf5c4a74d6d,03 - Starting and Finishing,wrap up a deal,/ɹæp əp ə diːl/,dictionary+eng_to_ipa+fixed_function
e4b5faf4-1f75-4c22-8cc0-3ced10cf4062,03 - Starting and Finishing,upon a career,/əˈpɒn ə kəˈɹɪə/,dictionary+fixed_function
847aa651-00ea-4bca-bc9b-819becf96be2,03 - Starting and Finishing,wrap up a project,/ɹæp əp ə ˈprɑʤɛkt/,dictionary+eng_to_ipa+fixed_function
74f82a1f-d27e-406e-96e5-ab1488154a0f,03 - Starting and Finishing,upon a venture,/əˈpɒn ə ˈvɛnʧər/,dictionary+eng_to_ipa+fixed_function
b3bf84be-f321-42b3-812d-a5e3d64332ff,03 - Starting and Finishing,terminate a contract,/ˈtɜːmɪneɪt ə ˈkɑnˌtrækt/,dictionary+eng_to_ipa+fixed_function
21494686-bd9e-40c0-8035-ce9f87fc16a5,03 - Starting and Finishing,upon a journey,/əˈpɒn ə ˈʤərni/,dictionary+eng_to_ipa+fixed_function
6ff875d0-6dfe-4383-94e0-ba39db771291,03 - Starting and Finishing,wind down activities,/ˈwaɪnd daʊn ækˈtɪvɪtiz/,dictionary+eng_to_ipa
62ff4e07-f604-40db-aa8e-58666ceb68ab,03 - Starting and Finishing,wind down operations,/ˈwaɪnd daʊn ˌɑpərˈeɪʃənz/,dictionary+eng_to_ipa
924fedc2-fb82-4db5-9f03-6e72237a088f,03 - Starting and Finishing,embark career,/ɪmˈbɑrk kəˈɹɪə/,dictionary+eng_to_ipa
ee8fd2d9-a430-4539-92df-c2612f737303,03 - Starting and Finishing,put the finishing touches,/pʊt ðə ˈfɪnɪʃɪŋ ˈtəʧɪz/,eng_to_ipa+fixed_function
6552edae-f82d-4545-a0a5-d0f9c03ad1d1,03 - Starting and Finishing,make a clean break,/meɪk ə klin breɪk/,dictionary+eng_to_ipa+fixed_function
38dfd064-7538-4c51-b145-b1d655a98c43,03 - Starting and Finishing,abruptly terminate,/əˈbrəptli ˈtɜːmɪneɪt/,dictionary+eng_to_ipa
f5937cf5-3a1d-4d62-a287-defa140eac04,03 - Starting and Finishing,run its course,/rən ɪts kɔrs/,eng_to_ipa
7ed650ad-4412-402c-b6e6-50664aca422b,03 - Starting and Finishing,spring to life,/spərɪŋ tə laɪf/,eng_to_ipa+fixed_function
2d6dccb8-2151-4e88-aef0-60adc54a4eff,03 - Starting and Finishing,strike while the iron is hot,/straɪk waɪl ðə aɪərn ɪz hɑt/,eng_to_ipa+fixed_function
f5430ef8-1959-4f08-a7a4-14e328e203db,03 - Starting and Finishing,the end of one's rope,/ðə ɛnd əv wənz roʊp/,dictionary+eng_to_ipa+fixed_function
42936a3b-fe37-4060-bbb4-2ae2a3547bc1,03 - Starting and Finishing,the end of the world,/ðə ɛnd əv ðə wərld/,dictionary+eng_to_ipa+fixed_function
95c518e9-503c-4300-8304-aadc75a4f023,03 - Starting and Finishing,throw in the towel,/θroʊ ɪn ðə taʊəl/,eng_to_ipa+fixed_function
dacc7dea-9336-441f-8cb1-d651a1f3b09f,03 - Starting and Finishing,turn over a new leaf,/tərn ˈoʊvər ə nu lif/,eng_to_ipa+fixed_function
ff4fd81e-7231-4be8-8cbc-5f5ed94ea11b,04 - Success and Failure,a brilliant success,/ə ˈbrɪljənt səkˈsɛs/,eng_to_ipa+fixed_function
d173833d-d47f-4dcc-b05b-7f6e1e483e39,04 - Success and Failure,a great success,/ə greɪt səkˈsɛs/,eng_to_ipa+fixed_function
05647ceb-884f-43a9-93bc-fd59202927d7,04 - Success and Failure,be highly effective,/bi ˈhaɪli ˈifɛktɪv/,eng_to_ipa
e6a04629-f354-4ee4-8dbb-60261a6c8cfc,04 - Success and Failure,bring out the best in someone,/brɪŋ aʊt ðə bɛst ɪn ˈsəmˌwən/,eng_to_ipa+fixed_function
a80c3ccb-508d-40bc-99f8-9445413b3854,04 - Success and Failure,come in useful,/kəm ɪn ˈjusfəl/,eng_to_ipa
4affe773-b9be-420e-b25b-bac4c2c9f9a2,04 - Success and Failure,come in handy,/kəm ɪn ˈhændi/,eng_to_ipa
13f1d092-941b-4148-86c2-ef2cbbe4f23e,04 - Success and Failure,crowning achievement,/ˈkraʊnɪŋ əˈʧivmənt/,eng_to_ipa
623119af-594e-4e55-a936-9405001764fc,04 - Success and Failure,dramatic improvement,/drəˈmætɪk ˌɪmˈpruvmənt/,eng_to_ipa
1fc6f744-c9d8-4fa9-8e70-b3d15370fe09,04 - Success and Failure,effective ways,/ˈifɛktɪv weɪz/,eng_to_ipa
c63ec8d7-f7a7-4b85-bcd4-6f2c628a573d,04 - Success and Failure,enjoy the fruits of one's hard work,/ˌɛnˈʤɔɪ ðə fruts əv wənz hɑrd wərk/,eng_to_ipa+fixed_function
ef3676e7-d37c-4db7-acea-3a6ce209c488,04 - Success and Failure,gain good marks,/ɡeɪn gʊd mɑrks/,dictionary+eng_to_ipa
8745e322-0d9f-426b-8ae2-5d57340add38,04 - Success and Failure,gain traction,/ɡeɪn ˈtɹæk.ʃən/,dictionary
610d12a0-f598-458b-9032-e051b4a2c730,04 - Success and Failure,have an excellent grasp of something,/hæv ən ˈɛksələnt ɡɹɑːsp əv ˈsamθɪŋ/,dictionary+eng_to_ipa+fixed_function
0e298753-5267-4bbf-a4ee-872e171201b8,04 - Success and Failure,have the ability to do something,/hæv ðə əˈbɪləˌti tə dʉː ˈsamθɪŋ/,dictionary+eng_to_ipa+fixed_function
4f2f5d05-f9ff-4d57-bbb0-be3391793027,04 - Success and Failure,make a breakthrough,/meɪk ə ˈbɹeɪkθɹuː/,dictionary+fixed_function
f42ae1ee-874e-494e-ac46-2198f71b87f8,04 - Success and Failure,make a useful contribution,/meɪk ə ˈjusfəl ˌkɒntɹɪˈbjuːʃən/,dictionary+eng_to_ipa+fixed_function
a1fd419f-4469-4281-b1d0-99b81cba2366,04 - Success and Failure,make good progress,/meɪk gʊd ˈpɹɒɡɹɛs/,dictionary+eng_to_ipa
53605bc0-8902-4dc3-8bc8-b8a6f9ae3d2d,04 - Success and Failure,pass one's exams,/pʰäːs wənz ɪgˈzæmz/,dictionary+eng_to_ipa
f2d168ec-f7f2-4753-9268-0171045ec1c2,04 - Success and Failure,realize one's dream,/ˈɹɪə.laɪz wənz dɹiːm/,dictionary+eng_to_ipa
e8d55496-6873-429a-a6c9-5a90d63c48c5,04 - Success and Failure,remarkable achievement,/ɹɪˈmɑːkəbl̩ əˈʧivmənt/,dictionary+eng_to_ipa
47353594-4926-4bb2-aaf6-dc91558f2dcc,04 - Success and Failure,success is guaranteed,/səkˈsɛs ɪz ˌgɛrənˈtid/,eng_to_ipa
76ec9d25-478a-4561-8c02-5105ed1e3fcc,04 - Success and Failure,success rate,/səkˈsɛs ɹeɪt/,dictionary+eng_to_ipa
af527638-003c-4a5c-bf23-ce9cbd173d50,04 - Success and Failure,success story,/səkˈsɛs ˈstɔː.ɹi/,dictionary+eng_to_ipa
a95c2638-d3f9-4164-ad95-945fa2a7dc96,04 - Success and Failure,take advantage of something,/teɪk ədˈvɑːn.tɪdʒ əv ˈsamθɪŋ/,dictionary+fixed_function
1e83069c-0bd2-44bd-8de4-5ad0cb23594d,04 - Success and Failure,the key to success,/ðə kiː tə səkˈsɛs/,dictionary+eng_to_ipa+fixed_function
2c0b7c26-a327-4791-a510-7046f8fa9d0a,03 - Starting and Finishing,open a new chapter(in one's life),/ˈoʊpən ə nu ˈʧæptər ɪn wənz laɪf/,eng_to_ipa+fixed_function
859a7f17-b8e1-427d-88ee-30482e9c64dc,03 - Starting and Finishing,on end,/ɔn ɛnd/,dictionary+eng_to_ipa
40a002e8-4a59-45f2-90a5-92d96d78eced,03 - Starting and Finishing,spark a debate,/spɑrk ə dəˈbeɪt/,eng_to_ipa+fixed_function
fcc10b66-d794-4998-a8a9-ab38b1ad940b,03 - Starting and Finishing,make one's hair stand on end,/meɪk wənz hɛr stænd ɔn ɛnd/,dictionary+eng_to_ipa
aee8686f-323a-46f1-9c3e-81972f1104a0,03 - Starting and Finishing,by fits and starts,/baɪ fɪts ən stɑrts/,eng_to_ipa+fixed_function
fd186fbb-c7dd-4bf5-9bf1-d0dd02f9eb94,03 - Starting and Finishing,ignite a debate,/ˌɪgˈnaɪt ə dəˈbeɪt/,eng_to_ipa+fixed_function
072dfd60-4eaa-4496-bfa9-c2acacc3ca80,03 - Starting and Finishing,embark venture,/ɪmˈbɑrk ˈvɛnʧər/,eng_to_ipa
ca507c3d-d8f4-4ed1-8105-fa3a408c78bf,03 - Starting and Finishing,in fits and starts,/ɪn fɪts ən stɑrts/,eng_to_ipa+fixed_function
93619eed-d6f9-4e82-9c43-5297d0ef81bb,03 - Starting and Finishing,grind to a standstill,/graɪnd tə ə ˈstændˌstɪl/,eng_to_ipa+fixed_function
1b923916-87c8-4d75-87a9-84cb0cd1e3e1,03 - Starting and Finishing,trigger a debate,/ˈtrɪgər ə dəˈbeɪt/,eng_to_ipa+fixed_function
9429a16f-972f-4611-881d-dfec0ae473b7,03 - Starting and Finishing,grind to a halt,/graɪnd tə ə hɔlt/,eng_to_ipa+fixed_function
e2fa2ae4-2b32-47e1-b36d-dcf0d242a538,03 - Starting and Finishing,be back to square one,/bi bæk tə skwɛr wən/,eng_to_ipa+fixed_function
6e1610be-83c7-49fa-9f8e-03d2e2674a1c,03 - Starting and Finishing,signal the end of sth,/ˈsɪɡnəl ðə ɛnd əv ˈsamθɪŋ/,dictionary+fixed_function
3a034f1a-35cc-46ca-b257-2d054c8b69d3,03 - Starting and Finishing,embark on,/ɪmˈbɑrk ɔn/,eng_to_ipa
c8da10b5-5949-4bef-a7a5-7ea678a59bba,03 - Starting and Finishing,put a stop to sth,/pʊt ə stɑp tə ˈsamθɪŋ/,dictionary+eng_to_ipa+fixed_function
684c2cdd-2acc-485c-8376-779cb711bf2a,03 - Starting and Finishing,go back to square one,/goʊ bæk tə skwɛr wən/,eng_to_ipa+fixed_function
84ce1629-d412-48d2-9928-b6653fc75c18,03 - Starting and Finishing,get the show on the road,/gɪt ðə ʃəʊ ɔn ðə roʊd/,dictionary+eng_to_ipa+fixed_function
f4a89b3b-51d1-4cd3-8d7a-ef7326a68a8a,03 - Starting and Finishing,set up an organization,/sɛt əp ən ˌɔrgənəˈzeɪʃən/,eng_to_ipa+fixed_function
5ab0482d-6b00-464a-9c6e-bb48905e0320,03 - Starting and Finishing,from the word go,/frəm ðə wərd goʊ/,eng_to_ipa+fixed_function
87aedc09-8ebe-47dd-903d-4975885a5e0f,03 - Starting and Finishing,bring to a head,/brɪŋ tə ə hɛd/,eng_to_ipa+fixed_function
8586d7a0-468b-4ad2-b034-51a06b0378e6,03 - Starting and Finishing,set up a team,/sɛt əp ə tim/,eng_to_ipa+fixed_function
3d6d075d-43fd-4d53-935a-b791cfd67e91,03 - Starting and Finishing,come to fruition,/kəm tə fruˈɪʃən/,eng_to_ipa+fixed_function
2e31f57a-e5dc-4434-a9ac-da49003181ed,03 - Starting and Finishing,come to a head,/kəm tə ə hɛd/,eng_to_ipa+fixed_function
3e34c64d-5bbc-4cee-8168-80c39f55988e,03 - Starting and Finishing,come into play,/kəm ˈɪntu pleɪ/,eng_to_ipa
d890676b-673a-4283-bf40-5e8de820abb6,03 - Starting and Finishing,set up a business,/sɛt əp ə ˈbɪznɪs/,eng_to_ipa+fixed_function
e26683a8-8ee8-4440-83e3-23ff915d2575,03 - Starting and Finishing,burn the candle at both ends,/bərn ðə ˈkændəl ət boʊθ ɛndz/,eng_to_ipa+fixed_function
23775908-4da0-4a24-894f-56ef2195b0d9,03 - Starting and Finishing,breathe(new)life into sth,/brið nu laɪf ˈɪntu ˈsamθɪŋ/,dictionary+eng_to_ipa
a3c92d38-faa1-48c7-8ca2-bebc1f650d89,03 - Starting and Finishing,open up discussions,/ˈoʊpən əp dɪˈskəʃənz/,eng_to_ipa
e02abd30-853e-4fef-b8d3-680ede63763f,03 - Starting and Finishing,be nearing completion,/bi ˈnɪrɪŋ kəmˈpliʃən/,eng_to_ipa
d96b45e2-c955-4ef8-8d3e-755e2d9f3eda,03 - Starting and Finishing,bring sth to a halt,/brɪŋ ˈsamθɪŋ tə ə hɔlt/,dictionary+eng_to_ipa+fixed_function
8fceba62-3828-46db-9870-880174d79158,04 - Success and Failure,bear fruit,/bɛr frut/,eng_to_ipa
03181523-8e97-4686-a99e-8a6edac262fd,04 - Success and Failure,come up roses,/kəm əp ˈroʊzɪz/,eng_to_ipa
524623ba-112d-445f-a750-ea61a8970b00,04 - Success and Failure,go places,/goʊ ˈpleɪsɪz/,eng_to_ipa
3b0633ac-91ed-49e2-93ca-92f14836dcb6,04 - Success and Failure,hit the jackpot,/hɪt ðə ˈʤækˌpɑt/,eng_to_ipa+fixed_function
c0958f8a-f6ed-431f-9942-bbbfb58e43c0,04 - Success and Failure,make headway,/meɪk ˈhɛdˌweɪ/,dictionary+eng_to_ipa
11acad2f-4490-48cc-ac36-69c4308ff473,04 - Success and Failure,"nothing ventured,nothing gained",/ˈnəθɪŋ ˈvɛnʧərd ˈnəθɪŋ geɪnd/,eng_to_ipa
5d3c294a-2a6a-4738-8f1b-977d22c43868,04 - Success and Failure,Practice makes perfect,/ˈpræktɪs meɪks ˈpɜː.fɛkt/,dictionary+eng_to_ipa
3f2fb304-392f-4fb7-9cc2-440923214f1e,04 - Success and Failure,rise to the occasion,/ɹaɪs tə ðə əˈkeɪʒən/,dictionary+fixed_function
c020c76f-4ef6-4334-bff7-1018608047d9,04 - Success and Failure,set the world on fire (set the world alight),/sɛt ðə wərld ɔn ˈfɑeə(ɹ) sɛt ðə wərld əˈlaɪt/,dictionary+eng_to_ipa+fixed_function
466ba51b-cb7a-4d2b-9edd-75a3bb96d7b1,04 - Success and Failure,slowly but surely,/ˈsləʊli bʊt ˈʃɔːli/,dictionary
4b68c864-85d1-42a9-b9be-0d7d7eed0f7b,04 - Success and Failure,snatch victory from the jaws of defeat,/snætʃ ˈvɪkt(ə)ɹi frəm ðə d͡ʒɑz əv dɪˈfiːt/,dictionary+fixed_function
d00b690e-b649-43ad-9d7c-8f878c58dd46,04 - Success and Failure,strike gold,/straɪk ɡɒʊld/,dictionary+eng_to_ipa
9e8e8a8f-616c-40b6-bf5a-2f1fde95219a,04 - Success and Failure,strike it rich,/straɪk ɪt ɹɪt͡ʃ/,dictionary+eng_to_ipa
84c9edd6-da08-47b9-a33c-4eddee7368fc,04 - Success and Failure,turn up trumps,/tərn əp trəmps/,eng_to_ipa
37e3515e-4389-4c25-876a-7a75118a81d4,04 - Success and Failure,come up trumps,/kəm əp trəmps/,eng_to_ipa
1556d6a8-80bb-4532-ae24-6b73199ab575,04 - Success and Failure,"where there's a will,there's a way",/wɛə(ɹ) ðɛrz ə wɪl ðɛrz ə weɪ/,dictionary+eng_to_ipa+fixed_function
8d17ab20-1d57-4393-a0a8-560888016762,04 - Success and Failure,with flying colors,/wɪθ ˈflaɪ.ɪŋ ˈkʌl.əz/,dictionary+eng_to_ipa
e2a673c9-bce6-44cc-b102-0f8b5622d080,04 - Success and Failure,a paper tiger,/ə ˈpeɪpə ˈtaɪɡə/,dictionary+fixed_function
367ccac5-adab-4542-beed-7c27cd82dd07,04 - Success and Failure,back to square one,/bæk tə skwɛr wən/,eng_to_ipa+fixed_function
2c4ea533-3cb3-487b-8e3d-d7f5a48369d5,04 - Success and Failure,be(way)off the mark,/bi weɪ ɔf ðə mɑɹk/,dictionary+eng_to_ipa+fixed_function
f218b560-7db9-4c9f-8d89-9ebe9533850b,04 - Success and Failure,be a chapter of accidents,/bi ə ˈʧæptər əv ˈæksədənts/,eng_to_ipa+fixed_function
0fc1d12a-1904-4768-8a42-78a16096f176,04 - Success and Failure,be a recipe for disaster,/bi ə ˈrɛsəpi fə dɪˈzæstər/,eng_to_ipa+fixed_function
78d978db-a4d7-48de-b84d-8cbdd745de0f,04 - Success and Failure,be a victim of your own success,/bi ə ˈvɪktɪm əv jʊr oʊn səkˈsɛs/,eng_to_ipa+fixed_function
12fa9dd3-4f04-42ca-b920-e084ead144e1,04 - Success and Failure,be built on sand,/bi bɪlt ɔn sænd/,eng_to_ipa
71fd9310-5b3c-4ff5-9ced-f6558231e109,04 - Success and Failure,be somebody's loss,/bi ˈsəmˌbɑdiz lɔs/,eng_to_ipa
fc24cfce-42c8-489b-9e9c-79ac06892bb7,04 - Success and Failure,(not)cut the mustard,/nɑt kət ðə ˈməstərd/,eng_to_ipa+fixed_function
9309b269-e80f-4a97-85d9-c95fcccf3b1b,04 - Success and Failure,crash and burn,/kræʃ ən bərn/,eng_to_ipa+fixed_function
338bcda7-c767-4279-b3d4-21738d5a62ff,04 - Success and Failure,dash someone's hopes,/dæʃ ˈsəmˌwənz hoʊps/,eng_to_ipa
27715549-3224-4b5a-9519-f8c8ff820993,04 - Success and Failure,doom and gloom,/dum ən glum/,eng_to_ipa+fixed_function
afe86105-e3c0-4d3c-a236-2a6492f814b2,04 - Success and Failure,double whammy,/ˈdəbəl ˈwæmi/,eng_to_ipa
561ee96e-6c2e-4c51-a129-080c83ea28ce,04 - Success and Failure,fall short,/fɔːl ʃɔrt/,dictionary+eng_to_ipa
d981c511-2c3d-4f9a-8d9e-2d2a35efcccd,04 - Success and Failure,from the word go,/frəm ðə wərd goʊ/,eng_to_ipa+fixed_function
47814a94-6356-4dd7-8612-08c4d4218c1f,04 - Success and Failure,give up the ghost,/gɪv əp ðə goʊst/,eng_to_ipa+fixed_function
7739e1d8-e3dc-4b72-9bad-cb658b4b15c0,04 - Success and Failure,go down like a lead balloon,/goʊ daʊn laɪk ə lɛd bəˈlun/,eng_to_ipa+fixed_function
d8c99bc7-a8e4-4f6d-a6da-6c96602d170c,04 - Success and Failure,lose one's nerve,/luz wənz nərv/,eng_to_ipa
00470daa-bae6-4be7-9805-50713f601257,04 - Success and Failure,not have a ghost of a chance,/nɑt hæv ə goʊst əv ə ʧæns/,eng_to_ipa+fixed_function
0296d0b1-1688-4e8d-aa76-169c3d19fb93,04 - Success and Failure,not have the ghost of a chance,/nɑt hæv ðə goʊst əv ə ʧæns/,eng_to_ipa+fixed_function
e7959207-adc7-425e-8ccd-863a4b10007a,04 - Success and Failure,room for improvement,/rum fə ˌɪmˈpruvmənt/,eng_to_ipa+fixed_function
893d10ac-16ad-4ca4-997e-561e08d8dc8a,04 - Success and Failure,the writing is on the wall (),/ðə ˈraɪtɪŋ ɪz ɔn ðə wɔl/,eng_to_ipa+fixed_function
5cf1300d-a2f0-43ef-8605-5a0f93a149d6,04 - Success and Failure,the handwriting is on the wall),/ðə ˈhænˌdraɪtɪŋ ɪz ɔn ðə wɔl/,eng_to_ipa+fixed_function
d7c17939-1b03-4647-9592-014ccc938bea,05 - Cause and Effect,attract interest,/əˈtrækt ˈɪntəˌrɛst/,eng_to_ipa
1f0d6a30-3cd4-4578-9546-535c3b5bc16e,05 - Cause and Effect,attract support,/əˈtrækt səˈpɔrt/,eng_to_ipa
a646d37b-a846-4fd1-b788-3227522766bc,05 - Cause and Effect,bring about a revolution,/brɪŋ əˈbaʊt ə ˌrɛvəˈluʃən/,eng_to_ipa+fixed_function
e90eca0f-498b-4e60-9ab0-71fc3affc7d7,05 - Cause and Effect,bring about a transformation,/brɪŋ əˈbaʊt ə ˌtrænsfərˈmeɪʃən/,eng_to_ipa+fixed_function
ba9379d0-1901-4a14-9d4e-cde45f077ec6,05 - Cause and Effect,bring about the downfall,/brɪŋ əˈbaʊt ðə ˈdaʊnˌfɔl/,eng_to_ipa+fixed_function
1a13509a-525c-4b8e-82c5-2fed898c499e,05 - Cause and Effect,bring about the collapse,/brɪŋ əˈbaʊt ðə kəˈlæps/,eng_to_ipa+fixed_function
f9d9b974-3899-44c2-a82e-47f144982973,05 - Cause and Effect,cause a sensation,/kɔz ə sɛnˈseɪʃən/,eng_to_ipa+fixed_function
b6954ca2-2f18-4ebd-9993-95b52f83e6fd,05 - Cause and Effect,cause alarm,/kɔz əˈlɑrm/,eng_to_ipa
5abefad8-a8d5-4af1-8c6e-cf49d3824407,05 - Cause and Effect,cause concern,/kɔz kənˈsərn/,eng_to_ipa
0d6f9079-2902-4079-9698-2e1fc7febec9,05 - Cause and Effect,cause an uproar,/kɔz ən ˈəˌprɔr/,eng_to_ipa+fixed_function
9a3fabe4-4968-4d40-9239-a8b80e205b1e,05 - Cause and Effect,cause anxiety,/kɔz æŋˈzaɪəti/,eng_to_ipa
39edd284-fc09-4893-a16b-1a22670343af,05 - Cause and Effect,cause embarrassment,/kɔz ɪmˈbɛrəsmənt/,eng_to_ipa
0fd88442-b8a2-44a3-94c9-e4a3a330c376,05 - Cause and Effect,cause chaos,/kɔz keɪɑs/,eng_to_ipa
578f8714-d176-404b-8081-99e88ce23e37,05 - Cause and Effect,cause damage,/kɔz ˈdæmɪʤ/,eng_to_ipa
cb10d733-f004-477d-b901-cf03aa861e1c,05 - Cause and Effect,cause havoc,/kɔz ˈhævək/,eng_to_ipa
a14ea008-5a05-4c5f-bd6e-9631f0cf26f4,05 - Cause and Effect,create a problem,/kriˈeɪt ə ˈprɑbləm/,eng_to_ipa+fixed_function
91a31019-47f6-4bff-aaaf-280223751dc0,05 - Cause and Effect,create awareness of something,/kriˈeɪt əˈwɛrnəs əv ˈsamθɪŋ/,dictionary+eng_to_ipa+fixed_function
52d082a1-fdd6-4dd0-b6fd-15810b7a87de,05 - Cause and Effect,get to the root of,/gɪt tə ðə ɹuːt əv/,dictionary+eng_to_ipa+fixed_function
6ac63b4d-5add-4bfa-b35c-0ef1f58f2210,05 - Cause and Effect,immediate cause,/ɪˈmiːdɪət kɔz/,dictionary+eng_to_ipa
8415165f-896f-47e6-8689-23bd9f366856,05 - Cause and Effect,play havoc with something,/pleɪ ˈhævək wɪθ ˈsamθɪŋ/,dictionary+eng_to_ipa
0fa23911-7aab-4ae4-805e-d1036ca0ea14,05 - Cause and Effect,primary cause,/ˈpɹɒeməɹi kɔz/,dictionary+eng_to_ipa
c2890ce7-4b7c-4abb-9106-369e626ff222,05 - Cause and Effect,produce the opposite effect,/pɹəˈdjuːs ðə ˈɒpəsɪt ɪˈfɛkt/,dictionary+fixed_function
47cd77fa-6d7e-46e3-ad4d-c0d5b7d1fcf6,05 - Cause and Effect,produce the result,/pɹəˈdjuːs ðə ɹɪˈzʌlt/,dictionary+fixed_function
c2ef716c-3076-44d9-a91e-cbc8cfed4522,05 - Cause and Effect,root cause,/ɹuːt kɔz/,dictionary+eng_to_ipa
c498d57e-ed9a-4a46-8504-2d081baf7ee4,05 - Cause and Effect,spark off a rumor,/spɑrk ɔf ə ˈɹuːmə(ɹ)/,dictionary+eng_to_ipa+fixed_function
b4ef704b-b533-409b-be84-936ecfa1bbe7,05 - Cause and Effect,underlying cause,/ˌəndərˈlaɪɪŋ kɔz/,eng_to_ipa
199390d3-721a-455a-8775-3e009ec0eb94,05 - Cause and Effect,as a consequence (of something),/əz ə ˈkɒnsɪkwɛns əv ˈsamθɪŋ/,dictionary+fixed_function
050fda27-32b2-4f2d-a1c5-061f2e6b6e2c,05 - Cause and Effect,as a result (of something),/əz ə ɹɪˈzʌlt əv ˈsamθɪŋ/,dictionary+fixed_function
e73b685c-396b-4ea9-90a6-b2ba17642ff2,05 - Cause and Effect,be at the root of,/bi ət ðə ɹuːt əv/,dictionary+eng_to_ipa+fixed_function
752f2a51-2ea2-4562-ad60-808ca8c8060d,05 - Cause and Effect,lie at the root of,/laɪ̯ ət ðə ɹuːt əv/,dictionary+fixed_function
a80b1d38-b99c-447c-9313-bf007a0ed4ee,05 - Cause and Effect,desired effects,/dɪˈzaɪəd ɪˈfɛkts/,dictionary
cdf5aafc-a207-4c33-afd6-6e13347d3c35,05 - Cause and Effect,direct result of something,/d(a)ɪˈɹɛkt ɹɪˈzʌlt əv ˈsamθɪŋ/,dictionary+fixed_function
c8b7206d-e10f-446a-843a-8bad98e4f67a,05 - Cause and Effect,inevitable result of something,/ɪnˈɛvɪtəbəl ɹɪˈzʌlt əv ˈsamθɪŋ/,dictionary+fixed_function
9a3c7f37-be4a-4ef7-b239-1104849ab42d,05 - Cause and Effect,drive someone crazy the wall,/dɹaɪv ˈsəmˌwən ˈkɹeɪzi ðə wɔl/,dictionary+eng_to_ipa+fixed_function
b2ca1442-9f90-4f32-bcfc-c0d8c66f0517,05 - Cause and Effect,drive someone up the wall,/dɹaɪv ˈsəmˌwən əp ðə wɔl/,dictionary+eng_to_ipa+fixed_function
510907cb-675c-48d7-aea0-61073a231d6b,05 - Cause and Effect,have a domino effect on,/hæv ə ˈdɒmɪnəʊ ɪˈfɛkt ɔn/,dictionary+eng_to_ipa+fixed_function
165924b9-1ac3-455e-b595-44bcef02b663,05 - Cause and Effect,have a huge effect,/hæv ə hʊudʒ ɪˈfɛkt/,dictionary+eng_to_ipa+fixed_function
1cf0d298-11fa-49ff-9500-0a86db8d1076,05 - Cause and Effect,have a major impact on something,/hæv ə ˈmeɪ.dʒə(ɹ) ˌɪmˈpækt ɔn ˈsamθɪŋ/,dictionary+eng_to_ipa+fixed_function
dc81c825-4737-4964-9586-a470cd8f9d9e,05 - Cause and Effect,ill effects,/ɪl ɪˈfɛkts/,dictionary
a09fd8b6-5603-4e62-b21c-6a5a8d465b23,05 - Cause and Effect,indirect result of something,/ˌɪndaɪˈɹɛkt ɹɪˈzʌlt əv ˈsamθɪŋ/,dictionary+fixed_function
3782555d-ba53-4f75-b28c-8ab02e765a26,05 - Cause and Effect,unforeseen result of something,/ˌənfɔrˈsin ɹɪˈzʌlt əv ˈsamθɪŋ/,dictionary+eng_to_ipa+fixed_function
9d32fffa-dadb-4a90-a3a0-fa5be2a86b41,05 - Cause and Effect,negative effects,/ˈnɛgətɪv ɪˈfɛkts/,dictionary+eng_to_ipa
eae9933a-5f01-43f0-9aa7-adb94ec71b7b,05 - Cause and Effect,adverse effects,/ˌædˈvərs ɪˈfɛkts/,dictionary+eng_to_ipa
18372512-bdb8-4b28-8ff7-80db380ca986,05 - Cause and Effect,plant doubt (in somebody's mind),/plænt daʊt ɪn ˈsəmˌbɑdiz maɪnd/,eng_to_ipa
94fe1813-da16-4050-a5a1-94d8d54dbf57,05 - Cause and Effect,positive effects,/ˈpɑzətɪv ɪˈfɛkts/,dictionary+eng_to_ipa
e18f47a1-1a7f-498d-89a8-7e0ff637c9e1,05 - Cause and Effect,beneficial effects,/ˌbɛnəˈfɪʃəl ɪˈfɛkts/,dictionary+eng_to_ipa
f28cc1c6-bfa8-43cc-9d28-a12c44801d12,05 - Cause and Effect,predictable outcome,/prɪˈdɪktəbəl ˈaʊtˌkəm/,eng_to_ipa
1a0be7f3-e77a-4da4-ad21-c05f04d2ff42,05 - Cause and Effect,inevitable outcome,/ɪnˈɛvɪtəbəl ˈaʊtˌkəm/,dictionary+eng_to_ipa
e51cc735-ca8c-4e33-8b68-cdfea09949c4,05 - Cause and Effect,see the effects of something,/si ðə ɪˈfɛkts əv ˈsamθɪŋ/,dictionary+eng_to_ipa+fixed_function
eab36479-58c6-44ed-aa9f-1edd8855eaff,05 - Cause and Effect,suffer the effects of something,/ˈsəfər ðə ɪˈfɛkts əv ˈsamθɪŋ/,dictionary+eng_to_ipa+fixed_function
2ce5a970-d6eb-4ddf-b145-fc558d695e86,05 - Cause and Effect,feel the effects of something,/fil ðə ɪˈfɛkts əv ˈsamθɪŋ/,dictionary+eng_to_ipa+fixed_function
f54a2cd7-0eac-4738-804c-488bb8fe1c16,05 - Cause and Effect,side effect,/saɪd ɪˈfɛkt/,dictionary+eng_to_ipa
097609da-1501-4c40-8cde-95c92465618c,05 - Cause and Effect,"spell disaster,trouble,etc",/spɛl dɪˈzæstər ˈtrəbəl ˌɛtˈsɛtərə/,eng_to_ipa
a21ccf72-4983-4f02-8d54-833ae2608d7f,05 - Cause and Effect,unexpected outcome,/ˌənɪkˈspɛktɪd ˈaʊtˌkəm/,eng_to_ipa
a076f43e-4f44-4ef2-92bd-eec0517c3878,04 - Success and Failure,be riding high,/bi ˈraɪdɪŋ haɪ/,eng_to_ipa
eb126cbe-41b4-4109-a8f5-d71206f6cee6,03 - Starting and Finishing,back in the saddle,/bæk ɪn ðə ˈsædəl/,eng_to_ipa+fixed_function
2ecea31b-52cb-4e29-9357-e15ae1e0dfeb,04 - Success and Failure,be on the right track,/bi ɔn ðə raɪt træk/,eng_to_ipa+fixed_function
a8ab8bef-3922-49e0-b42a-9d42b891d796,04 - Success and Failure,be in the bag,/bi ɪn ðə bæg/,eng_to_ipa+fixed_function
8129b760-b692-4b09-bc89-199f93511e11,03 - Starting and Finishing,to the last,/tə ðə læst/,eng_to_ipa+fixed_function
73dd8152-b790-44d0-bd23-7d973fc73364,03 - Starting and Finishing,open up opportunities,/ˈoʊpən əp ˌɑpərˈtunətiz/,eng_to_ipa
aa1b2283-956b-4cfd-9919-9ab8574c078f,04 - Success and Failure,be home and dry(be home and hosed),/bi hoʊm ən draɪ bi hoʊm ən hoʊzd/,eng_to_ipa+fixed_function
b49f6690-dd9e-4ae5-86b1-8832a7baf836,04 - Success and Failure,be ahead of the game,/bi əˈhɛd əv ðə geɪm/,eng_to_ipa+fixed_function
d3590e9a-54db-4c28-a2f5-2d30e8850ac8,03 - Starting and Finishing,tie up loose ends,/taɪ əp lus ɛndz/,eng_to_ipa
b80c91d0-5ada-4d4d-ba07-192784456043,04 - Success and Failure,be ahead of the curve,/bi əˈhɛd əv ðə kərv/,eng_to_ipa+fixed_function
a40f48ff-1783-4693-9ef0-305746117e4e,04 - Success and Failure,go like a dream,/goʊ laɪk ə dɹiːm/,dictionary+eng_to_ipa+fixed_function
167ece16-92b5-44f8-a925-0eea075ae30b,03 - Starting and Finishing,set the wheels in motion,/sɛt ðə wilz ɪn ˈmoʊʃən/,eng_to_ipa+fixed_function
de7d90b5-64c8-4e85-88a8-c39bd92360e5,03 - Starting and Finishing,launch an initiative,/lɔnʧ ən ˌɪˈnɪʃətɪv/,eng_to_ipa+fixed_function
b34ec831-3ee3-4104-a54a-3f1d87e968d3,03 - Starting and Finishing,be at the outset of sth,/bi ət ðə ˈaʊtˌsɛt əv ˈsamθɪŋ/,dictionary+eng_to_ipa+fixed_function
865f0fbd-e62f-48cc-bb8f-bcec2fef5c4c,04 - Success and Failure,run like a dream,/rən laɪk ə dɹiːm/,dictionary+eng_to_ipa+fixed_function
938faf79-a733-446e-84b0-5296a854acb4,04 - Success and Failure,work like a dream,/wərk laɪk ə dɹiːm/,dictionary+eng_to_ipa+fixed_function
4d62065d-4729-431f-804e-180273906360,03 - Starting and Finishing,see the last of sb,/si ðə læst əv ˈsəmˌbɑdi/,eng_to_ipa+fixed_function
906c27dc-47fd-4118-87e3-2ed334dc2464,04 - Success and Failure,work like magic,/wərk laɪk ˈmæʤɪk/,eng_to_ipa
9ccad7a3-912f-4e42-933b-96a9e224e363,04 - Success and Failure,gain your spurs,/ɡeɪn jʊr spərz/,dictionary+eng_to_ipa
9a329319-51a1-4533-b8d4-acdc1a96560d,03 - Starting and Finishing,see the last of sth,/si ðə læst əv ˈsamθɪŋ/,dictionary+eng_to_ipa+fixed_function
746e8265-f026-40a1-9c93-326c30f127a1,03 - Starting and Finishing,launch a product,/lɔnʧ ə ˈprɑdəkt/,eng_to_ipa+fixed_function
b1e7efa0-4117-4e23-8a12-f65cae4768b0,04 - Success and Failure,win your spurs,/wɪn jʊr spərz/,eng_to_ipa
3c0b72ae-d5d8-4fe0-97ec-b70ae6ec4d9e,04 - Success and Failure,the sweet smell of success,/ðə swit smɛl əv səkˈsɛs/,eng_to_ipa+fixed_function
ac1794ca-0c42-483c-a73d-65381c33b995,03 - Starting and Finishing,put an end to sth,/pʊt ən ɛnd tə ˈsamθɪŋ/,dictionary+eng_to_ipa+fixed_function
a9d99e08-5539-4bdb-8f35-022780b40fb8,04 - Success and Failure,nothing succeeds like success,/ˈnəθɪŋ səkˈsidz laɪk səkˈsɛs/,eng_to_ipa
4b4b6652-be73-40b5-8a56-6dd07e8a3cc4,04 - Success and Failure,makes all the difference(to something),/meɪks ɔl ðə ˈdɪfərəns tə ˈsamθɪŋ/,dictionary+eng_to_ipa+fixed_function
8ea4e139-b89b-4236-80a4-3aa60b2557be,03 - Starting and Finishing,pave the way(for sb),/peɪv ðə weɪ fə ˈsəmˌbɑdi/,dictionary+eng_to_ipa+fixed_function
5960eac7-beb8-451a-a4cf-6b3d64242b9f,03 - Starting and Finishing,launch a campaign,/lɔnʧ ə kæmˈpeɪn/,eng_to_ipa+fixed_function
8a803d78-7ffb-48aa-8df3-d844c45e339e,03 - Starting and Finishing,stop sign,/stɑp saɪn/,eng_to_ipa
d98593c2-dcf8-4bf4-8a8a-c710e745abf3,03 - Starting and Finishing,mark the beginning,/mɑɹk ðə bɪˈgɪnɪŋ/,dictionary+eng_to_ipa+fixed_function
ee5bdbbb-8011-4b92-87b1-d2c6976db8a9,05 - Cause and Effect,spiral out of control,/ˈspaɪrəl aʊt əv kənˈtɹəʊl/,dictionary+eng_to_ipa+fixed_function
de3f9cfa-bacf-41d8-8f6b-c728650e7acc,05 - Cause and Effect,set a precedent for someone,/sɛt ə ˈprɛsɪdənt fə ˈsəmˌwən/,eng_to_ipa+fixed_function
aa03ccf3-f46f-476e-9e42-624515d5855d,05 - Cause and Effect,strengthen the impact of something,/ˈstɹɛŋ(k)θən ðə ˌɪmˈpækt əv ˈsamθɪŋ/,dictionary+eng_to_ipa+fixed_function
28c24f30-00f3-41dd-98ed-650db28c144e,05 - Cause and Effect,increase the impact of something,/ˌɪnˈkris ðə ˌɪmˈpækt əv ˈsamθɪŋ/,dictionary+eng_to_ipa+fixed_function
f68b3066-6c6c-45b6-8ec6-9c3b63b71386,05 - Cause and Effect,ticking time bomb,/ˈtɪkɪŋ tɑem bɒm/,dictionary+eng_to_ipa
5006638e-7afa-4b60-8ab0-9724601528f8,05 - Cause and Effect,a chain reaction,/ə ˈt͡ʃeɪn ɹiˈækʃən/,dictionary+fixed_function
9152d9ab-e1aa-4817-aa51-a12fd3acb517,05 - Cause and Effect,a snowball effect,/ə ˈsnoʊbɑl ɪˈfɛkt/,dictionary+fixed_function
ca2906e3-f440-46a9-9f76-8e7c188c0560,05 - Cause and Effect,be no rhyme or reason,/bi nəʊ ɹaɪm ɔː ˈɹiːzən/,dictionary+eng_to_ipa+fixed_function
2516d16f-d0a7-4cc8-b5a4-3cc75c1135ce,05 - Cause and Effect,be without rhyme or reason,/bi wɪθˈʌʊt ɹaɪm ɔː ˈɹiːzən/,dictionary+eng_to_ipa+fixed_function
56fecaac-7ab8-4e21-bba8-1e05c70d5d35,05 - Cause and Effect,bring something into effect,/brɪŋ ˈsamθɪŋ ˈɪntu ɪˈfɛkt/,dictionary+eng_to_ipa
d33ecd93-a9ea-45b9-9cc5-6eacbc5a5f55,05 - Cause and Effect,put something into effect,/pʊt ˈsamθɪŋ ˈɪntu ɪˈfɛkt/,dictionary+eng_to_ipa
e218a55f-5400-4873-b74d-124d5d35bd5b,05 - Cause and Effect,come into effect,/kəm ˈɪntu ɪˈfɛkt/,dictionary+eng_to_ipa
0619b0b6-435e-4c54-b193-77c50d99ad00,05 - Cause and Effect,in the cause of something,/ɪn ðə kɔz əv ˈsamθɪŋ/,dictionary+eng_to_ipa+fixed_function
f3f906e4-5a6d-42d6-8a8d-e4a49d02e9c8,05 - Cause and Effect,it stands to reason,/ɪt stændz tə ˈɹiːzən/,dictionary+eng_to_ipa+fixed_function
b74a9efd-d746-411f-bba7-cf99ad870f83,05 - Cause and Effect,lay the groundwork for something,/leɪ ðə ˈgraʊndˌwərk fə ˈsamθɪŋ/,dictionary+eng_to_ipa+fixed_function
6d8ea0f4-0195-4006-98f5-3aefa76660c9,05 - Cause and Effect,lay the foundations for something,/leɪ ðə faʊnˈdeɪʃənz fə ˈsamθɪŋ/,dictionary+fixed_function
2a151302-54a2-4342-b1d4-47ddcfbd311c,05 - Cause and Effect,lay the basis for something,/leɪ ðə ˈbeɪsɪs fə ˈsamθɪŋ/,dictionary+fixed_function
35893fcf-48d5-4b7d-a120-ce62f1049e57,05 - Cause and Effect,reap what you sow,/ɹiːp wɔt jʉː saʊ/,dictionary
9fa23da5-87c1-4e2c-91b5-80a1218e3a64,05 - Cause and Effect,root and branch,/ɹuːt ən bɹæntʃ/,dictionary+fixed_function
f25dc2c6-9e35-4f22-9551-0c6f73a46958,05 - Cause and Effect,in effect,/ɪn ɪˈfɛkt/,dictionary+eng_to_ipa
dc0a6131-e63c-42a7-9986-d65a9484fb29,05 - Cause and Effect,take a heavy toll (on somebody |take its toll (on somebody)),/teɪk ə ˈhe.vi toʊl ɔn ˈsəmˌbɑdi teɪk ɪts toʊl ɔn ˈsəmˌbɑdi/,dictionary+eng_to_ipa+fixed_function
b2602953-48f4-4100-85f0-b9bab9550443,05 - Cause and Effect,take a heavy toll (on somebody |take its toll (on something)),/teɪk ə ˈhe.vi toʊl ɔn ˈsəmˌbɑdi teɪk ɪts toʊl ɔn ˈsamθɪŋ/,dictionary+eng_to_ipa+fixed_function
27636773-e6bc-4604-ac78-50ea34296207,05 - Cause and Effect,take a heavy toll (on something) |take its toll (on somebody),/teɪk ə ˈhe.vi toʊl ɔn ˈsamθɪŋ teɪk ɪts toʊl ɔn ˈsəmˌbɑdi/,dictionary+eng_to_ipa+fixed_function
1578337d-051a-461a-be1d-75b4b8672481,05 - Cause and Effect,take a heavy toll (on something) |take its toll (on something),/teɪk ə ˈhe.vi toʊl ɔn ˈsamθɪŋ teɪk ɪts toʊl ɔn ˈsamθɪŋ/,dictionary+eng_to_ipa+fixed_function
b2d8b66f-d2d3-4b90-9945-ed4b24641bdf,05 - Cause and Effect,take effect,/teɪk ɪˈfɛkt/,dictionary
4d3a173d-d070-4fd5-81d7-c281cadc099d,05 - Cause and Effect,"to good,great,dramatic,etc.effect",/tə gʊd greɪt drəˈmætɪk ˌɛtˈsɛtərə ɪˈfɛkt/,dictionary+eng_to_ipa+fixed_function
47bf7094-7b39-4ea2-8a35-591e6d914560,05 - Cause and Effect,to no effect,/tə nəʊ ɪˈfɛkt/,dictionary+fixed_function
e087e69f-99e5-43be-8edc-c44e3d2bcba5,05 - Cause and Effect,to the effect that.. |to this effect,/tə ðə ɪˈfɛkt ðət tə ðəs ɪˈfɛkt/,dictionary+fixed_function
86d837f2-a1d3-4641-9b80-8ce53cf13764,05 - Cause and Effect,to the effect that.. |to that effect,/tə ðə ɪˈfɛkt ðət tə ðət ɪˈfɛkt/,dictionary+fixed_function
1559448d-8ce2-457e-b413-84f44c354bc0,05 - Cause and Effect,what goes around comes around,/wɔt ɡəʊz əraʊnd kəmz əraʊnd/,dictionary+eng_to_ipa
345fd0a7-f603-41e7-82c4-d13dbde30b17,05 - Cause and Effect,with effect from,/wɪθ ɪˈfɛkt frəm/,dictionary+eng_to_ipa+fixed_function
bbc10375-e480-475b-b032-791703a23661,05 - Cause and Effect,with immediate effect,/wɪθ ɪˈmiːdɪət ɪˈfɛkt/,dictionary+eng_to_ipa
53edaf0d-1e27-4c04-935f-035e05544ffd,06 - Attempt,a hard slog,/ə hɑrd slɑg/,eng_to_ipa+fixed_function
b2d486f5-4d27-44ad-8537-18ca07609b7c,06 - Attempt,an abortive attempt,/ən əˈbɔrtɪv əˈtɛmpt/,eng_to_ipa+fixed_function
55f6a737-812a-4209-bc4d-40574704b87c,06 - Attempt,an uphill struggle,/ən ˈəˈphɪl ˈstrəgəl/,eng_to_ipa+fixed_function
ea2b1704-1a27-4695-a97c-acf213717bbe,06 - Attempt,be(well)worth the effort,/bi wɛl wərθ ðə ˈɛfərt/,eng_to_ipa+fixed_function
ef313b88-907f-4e99-b05a-d86a7242cff1,06 - Attempt,concerted effort,/kənˈsərtɪd ˈɛfərt/,eng_to_ipa
2690a946-ba45-4ce7-8fa6-45006490d7cb,06 - Attempt,desperate desire,/ˈdɛspərɪt dɪˈzaɪər/,eng_to_ipa
7bdb8417-1a35-4163-b4c8-83f10353c6ad,06 - Attempt,determined effort,/dɪˈtərmənd ˈɛfərt/,eng_to_ipa
dd045d17-2458-457c-a571-e9170e12b929,06 - Attempt,devote energy to doing something,/dɪˈvoʊt ˈɛnərʤi tə duɪŋ ˈsamθɪŋ/,dictionary+eng_to_ipa+fixed_function
a5b379d8-311b-4ff4-9a55-1f869d6bf587,06 - Attempt,final effort,/ˈfaɪnəl ˈɛfərt/,eng_to_ipa
a60f4fc6-4378-4bab-a4a5-0429e8083158,06 - Attempt,give it one's best shot,/gɪv ɪt wənz bɛst ʃɑt/,eng_to_ipa
9dbd97da-9de9-4fdf-a626-ab34684d8694,06 - Attempt,half-hearted attempt,/ˈhæfˌhɑrtɪd əˈtɛmpt/,eng_to_ipa
8c4903a4-1bd0-4a87-baa7-f17b227c5d7c,06 - Attempt,team effort,/tim ˈɛfərt/,eng_to_ipa
2abad018-25c4-4a12-99ff-2c88a95e7faf,06 - Attempt,make an effort,/meɪk ən ˈɛfərt/,dictionary+eng_to_ipa+fixed_function
2b81ac15-8c93-435d-975b-348caca9e0ae,06 - Attempt,physical exertion,/ˈfɪzɪkəl ɪgˈzərʃən/,eng_to_ipa
774b1f5f-80f7-44f0-8e6b-b083301c442d,06 - Attempt,put effort into(doing)something,/pʊt ˈɛfərt ˈɪntu duɪŋ ˈsamθɪŋ/,dictionary+eng_to_ipa
a248e9c4-4b38-42d7-9206-0fc09c5a9ee6,06 - Attempt,be an effort,/bi ən ˈɛfərt/,eng_to_ipa+fixed_function
c5eb4447-eb32-4420-b521-5e32c586870d,06 - Attempt,reap the rewards,/ɹiːp ðə rɪˈwɔrdz/,dictionary+eng_to_ipa+fixed_function
e8225b15-9948-41c9-b179-cf619a29330c,06 - Attempt,in an effort to do something,/ɪn ən ˈɛfərt tə dʉː ˈsamθɪŋ/,dictionary+eng_to_ipa+fixed_function
a63fab8a-576c-4341-ae14-553a3f62c7f0,06 - Attempt,in an attempt to do something,/ɪn ən əˈtɛmpt tə dʉː ˈsamθɪŋ/,dictionary+eng_to_ipa+fixed_function
441223e9-5e52-4c67-bffc-3ff14f7a4520,06 - Attempt,joint effort,/ʤɔɪnt ˈɛfərt/,eng_to_ipa
6c439b44-7c04-4990-8850-d1cae486b380,06 - Attempt,something requires effort,/ˈsamθɪŋ rikˈwaɪərz ˈɛfərt/,dictionary+eng_to_ipa
c361f7e2-8141-46d9-9736-4676f9ff1b0c,06 - Attempt,something involves effort,/ˈsamθɪŋ ˌɪnˈvɑlvz ˈɛfərt/,dictionary+eng_to_ipa
56633960-3871-4faf-a501-77e4c78a2048,06 - Attempt,strenuous effort,/ˈstrɛnjuəs ˈɛfərt/,eng_to_ipa
925c1941-4bf5-49d7-9ff1-bf905d7e7079,06 - Attempt,valiant effort,/ˈvæljənt ˈɛfərt/,eng_to_ipa
d87887b1-4b7b-4b24-8c31-6e70cc19a47c,06 - Attempt,(as) easy as pie,/əz ˈizi əz paɪ/,eng_to_ipa+fixed_function
f5a23bea-9ea5-429d-9641-85602b003e27,06 - Attempt,at a push,/ət ə pʊʃ/,eng_to_ipa+fixed_function
a795d760-2293-4ec2-a7d7-1d66176f8c67,06 - Attempt,be as easy as taking candy from a baby,/bi əz ˈizi əz ˈteɪkɪŋ ˈkændi frəm ə ˈbeɪbi/,eng_to_ipa+fixed_function
aba8c7d1-8e02-4980-bb78-4387dc59668e,06 - Attempt,be as easy like taking candy from a baby,/bi əz ˈizi laɪk ˈteɪkɪŋ ˈkændi frəm ə ˈbeɪbi/,eng_to_ipa+fixed_function
b434ba5d-d23f-4b93-b94b-e0d8095dc3f8,06 - Attempt,be child's play,/bi ʧaɪldz pleɪ/,eng_to_ipa
be0f3a67-2dfe-4386-87a2-61c50018a123,06 - Attempt,bend(all)your efforts effort to something,/bɛnd ɔl jʊr ˈɛfərts ˈɛfərt tə ˈsamθɪŋ/,dictionary+eng_to_ipa+fixed_function
49fec9c8-ea24-442d-9b07-53f6c8af11e4,06 - Attempt,bend(all)your every effort to something,/bɛnd ɔl jʊr ˈɛvəri ˈɛfərt tə ˈsamθɪŋ/,dictionary+eng_to_ipa+fixed_function
b2900d09-5110-4439-a988-a7413d7f7f48,06 - Attempt,by hook or by crook,/baɪ hʊk ɔː baɪ krʊk/,eng_to_ipa+fixed_function
95014691-8d99-46a4-b004-8ecf728da39a,06 - Attempt,do your level best (to do something),/dʉː jʊr ˈlɛvəl bɛst tə dʉː ˈsamθɪŋ/,dictionary+eng_to_ipa+fixed_function
a5a5a49d-6fa9-467a-ba15-9da09d3ce848,06 - Attempt,try your level best (to do something),/traɪ jʊr ˈlɛvəl bɛst tə dʉː ˈsamθɪŋ/,dictionary+eng_to_ipa+fixed_function
ea81dcec-b435-42f1-a77b-8d1cce06a8ce,06 - Attempt,give something your all,/gɪv ˈsamθɪŋ jʊr ɔl/,dictionary+eng_to_ipa
e8e54d01-73c4-4396-abfa-fe49cfc9d44c,06 - Attempt,go all out,/goʊ ɔl aʊt/,eng_to_ipa
1d399fc7-58b4-4978-8b49-4666b5cc5a73,06 - Attempt,go out of your way to do something,/goʊ aʊt əv jʊr weɪ tə dʉː ˈsamθɪŋ/,dictionary+eng_to_ipa+fixed_function
af119b52-ce48-4cc8-8ee8-e7de4e7c6dc9,06 - Attempt,go the extra mile,/goʊ ðə ˈɛkstrə maɪl/,eng_to_ipa+fixed_function
663f0f7b-67ce-486a-9c64-98c1a8345df3,06 - Attempt,go through the motions,/goʊ θru ðə ˈmoʊʃənz/,eng_to_ipa+fixed_function
a197f0a1-990b-471f-b746-30439c2b384e,06 - Attempt,have a bash,/hæv ə bæʃ/,dictionary+eng_to_ipa+fixed_function
38f2c1d7-f3ca-45e0-9511-677ae6fb911c,06 - Attempt,have a go,/hæv ə goʊ/,eng_to_ipa+fixed_function
48a1030d-2955-493e-b27b-cc33031fc51f,06 - Attempt,heavy going,/ˈhe.vi ˈɡəʊɪŋ/,dictionary
d0f286db-08f0-4586-8b4c-443564655feb,06 - Attempt,pull your finger out,/pʊl jʊr ˈfɪŋəɹ aʊt/,dictionary+eng_to_ipa
39c152ce-0d84-46fb-b345-7deef8bdda22,06 - Attempt,pull your weight,/pʊl jʊr weɪt/,dictionary+eng_to_ipa
574998fb-ab53-4448-94a7-153f961d6905,06 - Attempt,stand the test of time,/stænd ðə test əv tɑem/,dictionary+eng_to_ipa+fixed_function
59f1af16-c0c7-412f-84ff-c975da19e839,06 - Attempt,a needle in a haystack,/ə ˈniː.dl ɪn ə ˈheɪˌstæk/,dictionary+eng_to_ipa+fixed_function
007f66fa-9836-4063-a32c-071cdd69d160,06 - Attempt,bend over backwards,/bɛnd ˈoʊvər ˈbæk.wə(ɹ)dz/,dictionary+eng_to_ipa
17477a22-fb76-4ef7-bfec-c57f8b6873e3,06 - Attempt,"blood,sweat,and tears",/blʊd swɛt ən tiːɹz/,dictionary+fixed_function
45c5b444-3eeb-436c-8f98-f19c01e174cb,06 - Attempt,(at)full stretch,/ət fʊl stɹɛtʃ/,dictionary+fixed_function
8b856306-5642-41a6-a0c9-2240026f2c3a,06 - Attempt,give something a whirl,/gɪv ˈsamθɪŋ ə ʍɪɾ(ə̯)l/,dictionary+eng_to_ipa+fixed_function
68a3c24f-5dec-4983-89de-61e2d2119741,06 - Attempt,give up the ghost,/gɪv əp ðə goʊst/,eng_to_ipa+fixed_function
f2e54c2c-acd6-410d-b527-55b1ec121332,06 - Attempt,go to great lengths,/goʊ tə greɪt lɛŋθs/,eng_to_ipa+fixed_function
64cc11af-47c4-4e4e-a126-ef604f97565a,06 - Attempt,go to any lengths,/goʊ tə ˈæni lɛŋθs/,dictionary+eng_to_ipa+fixed_function
4ecf488a-8ff8-467f-898a-dc3cfd67e2a8,06 - Attempt,leave no stone unturned,/liːv nəʊ stɐʉn ənˈtərnd/,dictionary+eng_to_ipa
208d9c43-0dfa-43d1-ac78-b1d534a08711,06 - Attempt,"no pain,no gain",/nəʊ peɪn nəʊ ɡeɪn/,dictionary
80b59505-afee-4160-881d-2e48145f3749,06 - Attempt,not do things by halves,/nɑt dʉː θɪŋz baɪ hævz/,dictionary+eng_to_ipa
699a7ae5-3b5a-4f2c-9f21-9e3577ea7172,06 - Attempt,not lift a finger(to do something),/nɑt lɪft ə ˈfɪŋəɹ tə dʉː ˈsamθɪŋ/,dictionary+eng_to_ipa+fixed_function
47d4a930-43ed-4340-9be0-bd45ad4ae921,06 - Attempt,not raise a finger(to do something),/nɑt ɹeɪz ə ˈfɪŋəɹ tə dʉː ˈsamθɪŋ/,dictionary+eng_to_ipa+fixed_function
a4b1d835-9a71-4edf-8715-222e7c07c2fb,06 - Attempt,pay your dues,/peɪ jʊr djuːz/,dictionary+eng_to_ipa
b9e09339-4f7e-44fd-9dfb-33e2aaaff888,06 - Attempt,pull your socks up,/pʊl jʊr sɒks əp/,dictionary+eng_to_ipa
c94e5884-6992-402f-972e-34719aabdbc2,06 - Attempt,put your heart and soul into something,/pʊt jʊr hɑːt ən soʊl ˈɪntu ˈsamθɪŋ/,dictionary+eng_to_ipa+fixed_function
c2b688cd-8dce-48b8-860c-616ceadffb44,06 - Attempt,raise your game,/ɹeɪz jʊr geɪm/,dictionary+eng_to_ipa
ab3ac903-1e63-4728-8543-f9462a3e184d,06 - Attempt,reach for the stars,/riʧ fə ðə stɑrz/,eng_to_ipa+fixed_function
354decfb-6f78-48c7-8a56-74cf19e45471,06 - Attempt,rest on your laurels,/rɛst ɔn jʊr ˈlɔrəlz/,eng_to_ipa
6c57a1a9-efef-45e1-83a2-d314153ab232,06 - Attempt,too much like hard work,/tu məʧ laɪk hɑrd wərk/,eng_to_ipa
dc73278d-67ae-4851-88e3-6858778aa564,06 - Attempt,work your guts out,/wərk jʊr gəts aʊt/,eng_to_ipa
edd53aa8-1be2-4c7d-93a7-d98c17f2719e,06 - Attempt,fight your guts out,/faɪt jʊr gəts aʊt/,eng_to_ipa
dcc7cdfd-5109-44e1-935b-a4c92a4cd7ad,06 - Attempt,play your guts out,/pleɪ jʊr gəts aʊt/,eng_to_ipa
0da6be41-279e-4c9f-b8cd-ac2147b86016,06 - Attempt,burn the midnight oil,/bərn ðə ˈmɪdˌnaɪt ɔɪl/,eng_to_ipa+fixed_function
a0d551b7-ba4b-473b-91a9-2ef068f869af,06 - Attempt,bust a gut,/bəst ə gət/,eng_to_ipa+fixed_function
8819777b-a312-4c92-b5aa-6abac7725fe5,06 - Attempt,come rain or shine,/kəm reɪn ɔː ʃaɪn/,eng_to_ipa+fixed_function
78b8b99b-9dd6-4041-8bc9-59c96e8412d8,06 - Attempt,come to grips with something,/kəm tə grɪps wɪθ ˈsamθɪŋ/,dictionary+eng_to_ipa+fixed_function
692a60ee-5c5e-4207-85c8-2da36029a0a8,06 - Attempt,get to grips with something,/gɪt tə grɪps wɪθ ˈsamθɪŋ/,dictionary+eng_to_ipa+fixed_function
f9c27ea8-55f8-48ea-bc0f-31d6e86bf119,06 - Attempt,do your utmost,/dʉː jʊr ˈətˌmoʊst/,dictionary+eng_to_ipa
997d5722-7640-415f-b9c9-b55881820e5e,06 - Attempt,try your utmost,/traɪ jʊr ˈətˌmoʊst/,eng_to_ipa
c1437572-2a45-4d64-806c-d0c8d957d0a9,06 - Attempt,fight a losing battle,/faɪt ə ˈluzɪŋ ˈbætəl/,eng_to_ipa+fixed_function
cab7037a-15ba-4a2b-9495-e23c23c744e5,06 - Attempt,get blood out of,/gɪt blʊd aʊt əv/,dictionary+eng_to_ipa+fixed_function
7d9fee51-7901-4af7-bd43-2819c7cc4d49,06 - Attempt,from a stone,/frəm ə stɐʉn/,dictionary+fixed_function
98e97639-910b-4641-ac8b-9f5666ad7db9,06 - Attempt,get the bit between your teeth,/gɪt ðə bɪt bɪtˈwin jʊr tiθ/,eng_to_ipa+fixed_function
de222928-5517-46ff-b1d6-6ab31cc8f5d6,06 - Attempt,have big shoes to fill,/hæv bɪg ʃuz tə fɪl/,eng_to_ipa+fixed_function
fa9e2c9d-7252-48b4-a4eb-c5c90607052a,06 - Attempt,pull out all the stops,/pʊl aʊt ɔl ðə stɑps/,dictionary+eng_to_ipa+fixed_function
de42e7ef-9aa3-4284-ba5f-5d49781ec483,06 - Attempt,push the boundaries,/pʊʃ ðə ˈbaʊndəriz/,eng_to_ipa+fixed_function
db6c2194-fbbf-43b4-a21b-bc7e777d3c1b,06 - Attempt,push the limits,/pʊʃ ðə ˈlɪmɪts/,eng_to_ipa+fixed_function
70dfb07e-5bc0-4e61-9138-92da523b2fe6,06 - Attempt,Rome wasn't built in a day,/roʊm ˈwəzənt bɪlt ɪn ə deɪ/,eng_to_ipa+fixed_function
0b149fbf-5df5-422d-afd8-9dc9bae0a8be,06 - Attempt,run oneself into the ground,/rən ˌwənˈsɛlf ˈɪntu ðə graʊnd/,eng_to_ipa+fixed_function
c1bf8089-bd28-412c-9f12-70bf12f6288e,06 - Attempt,set your sights on something,/sɛt jʊr saɪts ɔn ˈsamθɪŋ/,dictionary+eng_to_ipa
732c5dc5-ebc6-4c37-b66b-440861925431,06 - Attempt,set your mind to something,/sɛt jʊr maɪnd tə ˈsamθɪŋ/,dictionary+eng_to_ipa+fixed_function
f34b6695-e045-4d8f-96e9-ff36fc4fe238,06 - Attempt,put your mind to something,/pʊt jʊr maɪnd tə ˈsamθɪŋ/,dictionary+eng_to_ipa+fixed_function
47372c95-928a-481d-9b84-07a951e42565,06 - Attempt,spare no effort(),/spɛr nəʊ ˈɛfərt/,dictionary+eng_to_ipa
b76a9c19-9977-41cf-a6ee-af44a63db1ce,06 - Attempt,spare no expense),/spɛr nəʊ ɪkˈspɛns/,dictionary+eng_to_ipa
8696835a-8e6b-4563-a89d-159eeb5898c0,06 - Attempt,stay the course,/steɪ ðə kɔrs/,eng_to_ipa+fixed_function
041a80b7-0fdd-4097-a3e8-78092efc6589,06 - Attempt,take (great)pains to do something,/teɪk greɪt peɪnz tə dʉː ˈsamθɪŋ/,dictionary+eng_to_ipa+fixed_function
358474db-41a8-4041-9ae0-5d9e1b2f3fb8,06 - Attempt,to the bitter end,/tə ðə ˈbɪtər ɛnd/,dictionary+eng_to_ipa+fixed_function
9386d5f9-8864-416c-8d08-6f4cc36d48c5,06 - Attempt,until the bitter end,/ənˈtɪl ðə ˈbɪtər ɛnd/,dictionary+eng_to_ipa+fixed_function
7039af42-541b-4ae4-a01b-31596e8c2914,06 - Attempt,try your hand at something,/traɪ jʊr hænd ət ˈsamθɪŋ/,dictionary+eng_to_ipa+fixed_function
2813e1ac-03d9-496b-af8a-7506b8c1f29c,06 - Attempt,under your own steam,/ˈəndər jʊr oʊn stim/,eng_to_ipa
90e4451f-be09-4146-8924-08e103ab7ee7,07 - Family,adopt a child,/əˈdɑpt ə ʧaɪld/,eng_to_ipa+fixed_function
7c780e11-2bef-4be3-988a-b24927c569bb,07 - Family,bring generations together,/brɪŋ ˌʤɛnərˈeɪʃənz təˈgɛðər/,eng_to_ipa
5eea2049-808a-40ad-b062-9bb7b97578ec,07 - Family,build a happy family,/bɪld ə ˈhæpiː ˈfæməli/,dictionary+eng_to_ipa+fixed_function
3fdadb2d-25a0-4ee2-8ce2-9c80fbb97fa7,07 - Family,cover living costs,/ˈkʌvə ˈlɪvɪŋ ˈkɑsts/,dictionary
4f7b7e25-e062-4f02-b442-2ff0e865fff8,07 - Family,give sb a hand,/gɪv ˈsəmˌbɑdi ə hænd/,eng_to_ipa+fixed_function
1b228a28-df1b-418e-9d39-d419c9079b47,07 - Family,lend sb a helping hand,/lɛnd ˈsəmˌbɑdi ə ˈhɛlpɪŋ hænd/,dictionary+eng_to_ipa+fixed_function
22ff2755-15a4-4cb7-a1cf-8f44de6f4aa8,07 - Family,give the baby up for adoption,/gɪv ðə ˈbeɪbi əp fə əˈdɒp.ʃən/,dictionary+eng_to_ipa+fixed_function
afc8d73c-3153-4c54-b125-24131b1c35b3,07 - Family,have the baby,/hæv ðə ˈbeɪbi/,eng_to_ipa+fixed_function
82bd2019-8dfc-4863-a1a4-fa8d8cc785aa,07 - Family,instill family values in,/ɪnˈstɪl ˈfæməli ˈvæljuːz ɪn/,dictionary+eng_to_ipa
ca1c364e-0f47-4c7c-8a2c-e41cf0938333,07 - Family,into sb,/ˈɪntu ˈsəmˌbɑdi/,eng_to_ipa
cf6ade79-778b-4840-a7e0-3518053f1a90,07 - Family,join hands,/ˈdʒɔɪn hæn(d)z/,dictionary
4e61fdef-de80-4fdf-9461-699291559a58,07 - Family,work together,/wərk təˈgɛðər/,eng_to_ipa
0c8900b1-3e96-42ad-bd3e-0d9eaf2ba9bc,07 - Family,keep in touch(with sb),/kiːp ɪn təʧ wɪθ ˈsəmˌbɑdi/,dictionary+eng_to_ipa
b37b1c47-8148-4e97-a041-284e62c08282,07 - Family,maintain family traditions,/meɪnˈteɪn ˈfæməli trəˈdɪʃənz/,dictionary+eng_to_ipa
d7a64a71-4bb3-4c71-8fa1-a3aefd74f54c,07 - Family,maintain family values,/meɪnˈteɪn ˈfæməli ˈvæljuːz/,dictionary+eng_to_ipa
fb5d59c6-4877-4cb0-b180-70d3a4f1d158,07 - Family,make peace with sb,/meɪk piːs wɪθ ˈsəmˌbɑdi/,dictionary+eng_to_ipa
a26a2822-deb4-479d-b629-e206234b983c,07 - Family,raise the child,/ɹeɪz ðə ʧaɪld/,dictionary+eng_to_ipa+fixed_function
3f2d313b-7222-4800-b516-5001e4ba0eee,07 - Family,bring up the child,/brɪŋ əp ðə ʧaɪld/,eng_to_ipa+fixed_function
29057e7d-655e-4612-b6e7-78da9b7c4267,07 - Family,strengthen family bonds,/ˈstɹɛŋ(k)θən ˈfæməli bɒndz/,dictionary+eng_to_ipa
e2ca0840-31d5-401c-9241-1221bba16ccc,07 - Family,be in a hurry,/bi ɪn ə ˈhʌ.ɹi/,dictionary+eng_to_ipa+fixed_function
cd40a98f-a1bf-4984-8ecc-300eae5fbd0d,07 - Family,hurry(v),/ˈhʌ.ɹi vi/,dictionary+eng_to_ipa
fbda568d-80be-4d83-bfb6-6c9dc2bd39b4,07 - Family,be in one's attempt to do sth,/bi ɪn wənz əˈtɛmpt tə dʉː ˈsamθɪŋ/,dictionary+eng_to_ipa+fixed_function
c065f0c8-c558-48ed-bbd9-70dbbc2c2dd9,07 - Family,be under pressure,/bi ˈəndər ˈpɹɛʃ.ə(ɹ)/,dictionary+eng_to_ipa
5d7ab0d5-11ae-4964-b8e9-b67c3e8cfece,07 - Family,be willing to do sth,/bi ˈwɪlɪŋ tə dʉː ˈsamθɪŋ/,dictionary+eng_to_ipa+fixed_function
56fa9688-4b3f-43b3-bcd0-3be0e9497dec,07 - Family,make sure,/meɪk ʃoː/,dictionary
1d23a239-b13c-4555-9284-7ceffc2ad997,07 - Family,break a curfew,/breɪk ə ˈkɜː.fjuː/,dictionary+eng_to_ipa+fixed_function
a9a63fe6-40d2-4f4a-aaa7-bea98ad2eaeb,07 - Family,budget for family expenses,/ˈbʌdʒ.ɪt fə ˈfæməli ɪkˈspɛnsɪz/,dictionary+eng_to_ipa+fixed_function
c9e07563-7160-4e96-b5ad-f1358cbf758b,07 - Family,do the household chores,/dʉː ðə ˈhaʊshəʊld ʧɔrz/,dictionary+eng_to_ipa+fixed_function
bcc35f75-8d21-44b9-8440-f2dfc5a6622a,07 - Family,do the laundry,/dʉː ðə ˈlɑn.dɹi/,dictionary+fixed_function
ea9f4c43-b9f5-4fec-adca-b6e1aae64d3d,07 - Family,do the washing up,/dʉː ðə ˈwɒʃɪŋ əp/,dictionary+eng_to_ipa+fixed_function
b14605d0-a74e-47e9-830d-46e3126fd089,07 - Family,earn money,/ɜːn ˈmʌni/,dictionary
02a399b0-a7b4-42a0-8db3-14d029612a06,07 - Family,make money,/meɪk ˈmʌni/,dictionary
e9ea7fc7-4aa7-4bd9-83f3-55be43364125,07 - Family,handle family finances,/ˈhændəl ˈfæməli ˈfaɪˌnænsɪz/,eng_to_ipa
e2177336-8b4b-4b00-91a0-36f9d3e0ac13,07 - Family,maintain close ties with sb,/meɪnˈteɪn kloʊz taɪz wɪθ ˈsəmˌbɑdi/,dictionary+eng_to_ipa
8b75b133-9422-406d-811f-ecafddf51848,07 - Family,make sure that+clause,/meɪk ʃoː ðət klɔz/,dictionary+eng_to_ipa+fixed_function
9efb2004-9a4f-4a50-97d0-400f9c78a434,07 - Family,set limits for children,/sɛt ˈlɪmɪts fə ˈʧɪldrən/,eng_to_ipa+fixed_function
d24de419-a537-4d1b-b75b-200b1377706b,07 - Family,spend quality time with family,/spɛnd kˈwɑləti tɑem wɪθ ˈfæməli/,dictionary+eng_to_ipa
ad18efc8-4ff9-4000-81a2-c50d21b94db6,07 - Family,take turns to do sth,/teɪk tərnz tə dʉː ˈsamθɪŋ/,dictionary+eng_to_ipa+fixed_function
a37609a3-b32c-4c0b-a700-df46379783ad,07 - Family,take turns to doing sth,/teɪk tərnz tə duɪŋ ˈsamθɪŋ/,dictionary+eng_to_ipa+fixed_function
86028ca5-adfb-4689-9b9a-bad0bba32776,07 - Family,take it in turn(s)to do sth,/teɪk ɪt ɪn tərn ɛs tə dʉː ˈsamθɪŋ/,dictionary+eng_to_ipa+fixed_function
3a52da92-127c-48a5-b2bd-220f566c4bb4,07 - Family,try one's best to do sth,/traɪ wənz bɛst tə dʉː ˈsamθɪŋ/,dictionary+eng_to_ipa+fixed_function
3ac036e8-ab17-4723-865e-42f7b244d495,07 - Family,do one's best to do sth,/dʉː wənz bɛst tə dʉː ˈsamθɪŋ/,dictionary+eng_to_ipa+fixed_function
3b0a2aa1-cc16-47d5-b541-3cddd45b2e50,07 - Family,adoptive parents,/əˈdɑptɪv ˈpɛrənts/,eng_to_ipa
e30f1b30-42cb-4c5f-9ace-355c9c0a65db,07 - Family,bitter divorce,/ˈbɪtər dɪˈvɔrs/,eng_to_ipa
b7f19683-2c6a-43fe-ba13-d29797057007,07 - Family,break a habit of sth,/breɪk ə ˈhæbət əv ˈsamθɪŋ/,dictionary+eng_to_ipa+fixed_function
d1d6c56a-060b-4d81-ac24-150a0365407f,07 - Family,break a habit of doing sth,/breɪk ə ˈhæbət əv duɪŋ ˈsamθɪŋ/,dictionary+eng_to_ipa+fixed_function
a3c05d70-3abe-4793-abf8-7a819e8f3773,07 - Family,carefree childhood,/ˈkɛrˌfri ˈʧaɪlˌdhʊd/,eng_to_ipa
78f70b62-9bf0-427f-b2d7-b5701022f5fd,07 - Family,loving family,/ˈləvɪŋ ˈfæməli/,eng_to_ipa
7e0ce4d5-2cd7-45e0-b304-e72cf8738810,07 - Family,distant relative,/ˈdɪstənt ˈrɛlətɪv/,eng_to_ipa
69fab4c9-a88e-4d22-b326-5d4fa9cd4149,07 - Family,extended family,/ɪkˈstɛndɪd ˈfæməli/,eng_to_ipa
9b605a2a-3713-4a75-b931-dd722b9bc828,07 - Family,family background,/ˈfæməli ˈbækˌgraʊnd/,eng_to_ipa
64650ffc-5daa-45d5-9e55-a1ded2f6eda0,07 - Family,family tree,/ˈfæməli tri/,eng_to_ipa
715621b6-a3e9-4d29-8510-ac794200a42a,07 - Family,formative years,/ˈfɔrmətɪv jɪrz/,eng_to_ipa
4433888b-0083-4a3b-9cfd-0cfa05c483fb,07 - Family,have an abortion,/hæv ən əˈbɔrʃən/,eng_to_ipa+fixed_function
74e91d09-e941-4b9d-b1f1-3a8a9005758e,07 - Family,get an abortion,/gɪt ən əˈbɔrʃən/,eng_to_ipa+fixed_function
fefb1d12-4be2-4bbf-8428-6b55faaa6f92,07 - Family,helicopter parent,/ˈhɛlɪˌkɑptər ˈpɛrənt/,eng_to_ipa
61fdf4d8-d9be-44b1-90f3-803c141f3f55,07 - Family,Household bills,/ˈhaʊshəʊld bɪlz/,dictionary+eng_to_ipa
b503dbb3-6b5b-4416-bdb1-335b32542425,07 - Family,Household spending,/ˈhaʊshəʊld ˈspɛndɪŋ/,dictionary+eng_to_ipa
be8df4ac-7c3b-47c9-a583-5f9c176799f7,07 - Family,Household expenditure,/ˈhaʊshəʊld ɪkˈspɛndɪʧər/,dictionary+eng_to_ipa
c1368289-dfea-4671-aad5-07dc8f93cd33,07 - Family,household finances,/ˈhaʊshəʊld ˈfaɪˌnænsɪz/,dictionary+eng_to_ipa
5eb88645-4957-494c-a042-06f5820557c1,07 - Family,due date,/du deɪt/,eng_to_ipa
e5f27db8-f51d-4ac2-a96f-f8f7b51a0387,07 - Family,joint custody,/ʤɔɪnt ˈkəstədi/,eng_to_ipa
bd17136a-35b9-49c0-9e22-69dc1380d0f6,07 - Family,make a will,/meɪk ə wɪl/,dictionary+fixed_function
ddcf8ce4-5d68-4d84-add7-fce11d8c9a4e,07 - Family,make the bed,/meɪk ðə bɛd/,dictionary+eng_to_ipa+fixed_function
d23e66c4-7547-423e-8ba3-550782bb0b7b,07 - Family,parenting skills,/ˈpɛrəntɪŋ skɪlz/,eng_to_ipa
ada272c8-1517-472a-837b-89a7b596ab03,07 - Family,sole custody,/soʊl ˈkəstədi/,eng_to_ipa
84038939-344c-444a-a9bc-959bf5b5c67b,07 - Family,a heavy meal,/ə ˈhe.vi mil/,dictionary+eng_to_ipa+fixed_function
d94602eb-4dae-46b9-91fe-18f8db56f7f3,07 - Family,a large meal,/ə lɑrʤ mil/,eng_to_ipa+fixed_function
5c6b6ffd-447b-4646-97d0-b3d344cfe6d1,07 - Family,a light meal,/ə laɪt mil/,eng_to_ipa+fixed_function
f0a17aa4-5ab1-44ba-841d-7195fece6df8,07 - Family,a small meal,/ə smɔl mil/,eng_to_ipa+fixed_function
2dd2f676-7f02-44dc-90b9-0ed133f29e8a,07 - Family,do the heavy lifting,/dʉː ðə ˈhe.vi ˈlɪftɪŋ/,dictionary+eng_to_ipa+fixed_function
10098337-e201-4a22-a413-85c3fb2e50bc,07 - Family,family gathering,/ˈfæməli ˈgæðərɪŋ/,eng_to_ipa
37ebba1e-e108-4fbc-b244-a202d1852334,07 - Family,follow one's example,/ˈfɑloʊ wənz ɪgˈzæmpəl/,eng_to_ipa
b9cfd5a3-5e75-4d77-b2e8-783d2a506143,07 - Family,have a quick temper,/hæv ə kwɪk ˈtɛmpər/,eng_to_ipa+fixed_function
f4fbe7d5-b953-43b6-aec3-477c18c29d54,07 - Family,have an affair,/hæv ən əˈfɛr/,eng_to_ipa+fixed_function
67071d5f-2aff-4a0c-b13b-fe1305aa83b8,07 - Family,make the best of sth,/meɪk ðə bɛst əv ˈsamθɪŋ/,dictionary+eng_to_ipa+fixed_function
4f3208e3-ff48-4416-898d-7c9123c39dec,07 - Family,on a(tight),/ɔn ə taɪt/,eng_to_ipa+fixed_function
2775947c-c2ce-489f-9316-bec8b0039733,07 - Family,on limited)budget,/ɔn ˈlɪmɪtɪd ˈbʌdʒ.ɪt/,dictionary+eng_to_ipa
ac6354e6-6ed4-4f9a-bea2-a2467a84d2e7,07 - Family,run the household,/rən ðə ˈhaʊshəʊld/,dictionary+eng_to_ipa+fixed_function
6827a1a5-8fdb-428c-8666-81eb201b03da,07 - Family,sibling rivalry,/ˈsɪblɪŋ ˈɹaɪ.vəl.ɹi/,dictionary
efac8dfe-f491-4456-8ab2-e431ae553557,07 - Family,single mother,/ˈsɪŋɡəl ˈməðər/,dictionary+eng_to_ipa
3f037d6e-bf29-4692-bfe8-79278cc93416,04 - Success and Failure,make a go of something,/meɪk ə goʊ əv ˈsamθɪŋ/,dictionary+eng_to_ipa+fixed_function
4bfaf9ef-1fad-4034-818c-e015cc6609d8,07 - Family,take a fancy to sth,/teɪk ə ˈfæn.si tə ˈsamθɪŋ/,dictionary+fixed_function
7aa8292a-4869-4ee7-bf9b-f7281df98861,07 - Family,take a fancy to sb,/teɪk ə ˈfæn.si tə ˈsəmˌbɑdi/,dictionary+eng_to_ipa+fixed_function
fab7aab2-8e7c-49f5-b657-fc85d20dc663,07 - Family,take charge of sth,/teɪk t͡ʃɑːd͡ʒ əv ˈsamθɪŋ/,dictionary+fixed_function
a9d1ba84-7290-4389-aa89-86811e97502c,07 - Family,take exception to sth,/teɪk əkˈsɛpʃən tə ˈsamθɪŋ/,dictionary+fixed_function
2f580054-4c22-4405-a709-f86e5b5d91fd,07 - Family,take exception to sb,/teɪk əkˈsɛpʃən tə ˈsəmˌbɑdi/,dictionary+eng_to_ipa+fixed_function
66080c75-1e57-4c0e-8e7a-c397e71fc0aa,07 - Family,take steps to resolve family conflicts,/teɪk stɛps tə ɹiːˈzɒlv ˈfæməli ˈkɑnflɪkts/,dictionary+eng_to_ipa+fixed_function
0ded88c3-1195-445b-afd3-51238531a7c2,07 - Family,take a bath,/teɪk ə bɐːθ/,dictionary+fixed_function
486d1358-6fa1-4619-ac46-14ed941d056a,07 - Family,have a bath,/hæv ə bɐːθ/,dictionary+eng_to_ipa+fixed_function
63704194-3d5a-4de6-a5b5-fe26aeafd1ad,07 - Family,take an interest in sth,/teɪk ən ˈɪntəˌrɛst ɪn ˈsamθɪŋ/,dictionary+eng_to_ipa+fixed_function
3f037d6e-bf29-4692-bfe8-79278cc93416,04 - Success and Failure,make a go of something,/meɪk ə goʊ əv ˈsamθɪŋ/,dictionary+eng_to_ipa+fixed_function
b27fd140-a731-4576-82d5-d9f71cd35487,05 - Cause and Effect,set a precedent for something,/sɛt ə ˈprɛsɪdənt fə ˈsamθɪŋ/,dictionary+eng_to_ipa+fixed_function
b1f638b8-8410-43e7-ac24-043251ecb18d,05 - Cause and Effect,send shock waves,/sɛnd ʃɒk weɪvz/,dictionary
8a2edee3-6416-4dda-acf8-2ba85c4fbb34,04 - Success and Failure,light at the end of the tunnel,/laɪt ət ðə ɛnd əv ðə ˈtʌn(ə)l/,dictionary+eng_to_ipa+fixed_function
9656a669-717d-47bf-bae0-8bcc984d86e0,03 - Starting and Finishing,pave the way(for sth),/peɪv ðə weɪ fə ˈsamθɪŋ/,dictionary+eng_to_ipa+fixed_function
5c050979-0278-45f3-9920-3f098be54db0,05 - Cause and Effect,render something obsolete,/ˈɹɛn.də ˈsamθɪŋ ˈɒbsəliːt/,dictionary
4dfaf4b0-facc-4bcb-9d27-cbcd22286aee,05 - Cause and Effect,reduce the impact of something,/ɹɪˈdjuːs ðə ˌɪmˈpækt əv ˈsamθɪŋ/,dictionary+eng_to_ipa+fixed_function
9ccdd21a-42cf-4327-8e58-3acf70f24cd9,05 - Cause and Effect,provoke an outcry,/pɹəˈvəʊk ən ˈaʊtkɹaɪ/,dictionary+fixed_function
99dca62a-bb78-4c56-9632-93866c3040f8,04 - Success and Failure,hit the big time,/hɪt ðə bɪg tɑem/,dictionary+eng_to_ipa+fixed_function
95b73a5e-5d07-4b76-bca2-20fdb453801f,03 - Starting and Finishing,open the floodgates,/ˈoʊpən ðə ˈflədˌgeɪts/,eng_to_ipa+fixed_function
ad2efc63-a68d-4cab-b9be-7e67c28af8e2,03 - Starting and Finishing,kick off(a meeting),/kɪk ɔf ə ˈmiːtɪŋ/,dictionary+eng_to_ipa+fixed_function
39eb2edb-104f-48b7-9d12-c6134f5a5ef7,05 - Cause and Effect,prompt speculation,/pɹɒmpt ˌspɛkjəˈleɪʃən/,dictionary
52f32f4a-3134-4c23-b2e3-fb0ebdd4c63e,05 - Cause and Effect,create a bad impression,/kriˈeɪt ə bæːd ɪmˈpɹɛʃən/,dictionary+eng_to_ipa+fixed_function
38d32a21-210a-4743-bc44-c1572f4c2dc9,04 - Success and Failure,hit a home run,/hɪt ə hoʊm rən/,eng_to_ipa+fixed_function
61cd6b5f-15ba-49d6-aedf-6a3dd031b231,05 - Cause and Effect,make a bad impression,/meɪk ə bæːd ɪmˈpɹɛʃən/,dictionary+fixed_function
514f7956-3f5b-4265-8b83-09101dac4ea6,05 - Cause and Effect,have influence on something,/hæv ˈɪn.flu.əns ɔn ˈsamθɪŋ/,dictionary+eng_to_ipa
02ae6f0a-2cd3-4b1b-a402-77239fd74f2a,04 - Success and Failure,go from strength to strength,/goʊ frəm stɹɛŋkθ tə stɹɛŋkθ/,dictionary+eng_to_ipa+fixed_function
7f31c095-5126-480c-aa07-341347efa00a,03 - Starting and Finishing,make (both)ends meet,/meɪk boʊθ ɛndz miːt/,dictionary+eng_to_ipa
421a578a-40f6-4d95-a702-3220e9b88a07,05 - Cause and Effect,have influence on somebody,/hæv ˈɪn.flu.əns ɔn ˈsəmˌbɑdi/,dictionary+eng_to_ipa
6e8c28c8-93d0-4756-bd33-a31bd5c3b555,05 - Cause and Effect,give somebody a reason,/gɪv ˈsəmˌbɑdi ə ˈɹiːzən/,dictionary+eng_to_ipa+fixed_function
bfa15e0f-df48-4a5c-a546-589cb77e8e86,04 - Success and Failure,from rags to riches,/frəm ɹæɡz tə ɹɪt͡ʃɪz/,dictionary+fixed_function
cb521ee4-d190-4d50-9820-444a2c98ace3,04 - Success and Failure,fall into place,/fɔːl ˈɪntu pleɪs/,dictionary+eng_to_ipa
46933912-8b7f-46bc-b0ca-2354c804b999,03 - Starting and Finishing,hit the ground running,/hɪt ðə graʊnd ˈɹʌnɪŋ/,dictionary+eng_to_ipa+fixed_function
e45a2746-3465-4443-a1e1-dcc255502dcb,03 - Starting and Finishing,initiate a reform,/ˌɪˈnɪʃiˌeɪt ə rɪˈfɔrm/,eng_to_ipa+fixed_function
539e6ec5-a2d3-47e9-a6a0-330f1c459390,06 - Attempt,a piece of cake,/ə pis əv keɪk/,eng_to_ipa+fixed_function
12eee185-d213-438f-8076-516bcc320e4e,07 - Family,share the same roof,/ʃɛr ðə seɪm rʊf/,eng_to_ipa+fixed_function
d780ce15-f9c0-4fd5-907f-45f7bc30a349,05 - Cause and Effect,take the consequences,/teɪk ðə ˈkɑnsɪkwɛnsɪz/,dictionary+fixed_function
28c697f3-a04e-4bd6-820f-5cb4daaafa94,07 - Family,live under the same roof,/lɪv ˈəndər ðə seɪm rʊf/,eng_to_ipa+fixed_function
fea21b79-96e1-4f0c-8a32-7f2e4caf961e,07 - Family,silver,/ˈsɪlvər/,eng_to_ipa
b693eb91-aec6-4231-85e4-f74da80b27cf,07 - Family,golden(wedding)anniversary,/ˈgoʊldən ˈwɛdɪŋ ˌænəˈvərsəri/,eng_to_ipa
88ba0f39-2c41-43c4-ae43-ce0c127e4ea0,07 - Family,start a new life,/stɑrt ə nu laɪf/,eng_to_ipa+fixed_function
9a78bc4a-383a-4485-be91-3f71d611da24,07 - Family,take pride in sth,/teɪk praɪd ɪn ˈsamθɪŋ/,dictionary+eng_to_ipa
d2be3e7b-d01c-4d9a-8cf2-8509164bf74c,07 - Family,take pride in sb,/teɪk praɪd ɪn ˈsəmˌbɑdi/,dictionary+eng_to_ipa
5288b682-b52e-4991-8db4-955d1d2f44ce,07 - Family,take into care,/teɪk ˈɪntu kɛr/,dictionary+eng_to_ipa
7bfd5086-cc80-4fe1-807b-15021b0f82b1,07 - Family,put into care,/pʊt ˈɪntu kɛr/,eng_to_ipa
c1afcc75-6ad9-4433-b83e-a6dcb8b9ae3e,07 - Family,be in care,/bi ɪn kɛr/,eng_to_ipa
772d0eaa-dbdd-4819-9f10-fc44baa2b69c,07 - Family,a chip off the old block,/ə ʧɪp ɔf ðə oʊld blɑk/,eng_to_ipa+fixed_function
37948b7a-3220-47af-9b34-21b30cbe5023,07 - Family,apple doesn't fall far from tree,/ˈæpəl ˈdəzənt fɔːl fɑr frəm tri/,dictionary+eng_to_ipa+fixed_function
e31733a4-a26b-45d5-88a8-3401649eb360,07 - Family,be born out of wedlock,/bi bɔrn aʊt əv ˈwɛˌdlɑk/,eng_to_ipa+fixed_function
62ca5238-4e93-424f-9391-8413bf34e7b7,07 - Family,be born with a silver spoon in one's mouth,/bi bɔrn wɪθ ə ˈsɪlvər spun ɪn wənz maʊθ/,eng_to_ipa+fixed_function
f2b0a91a-4a12-49fe-9c1d-f011fb14b993,07 - Family,be the spitting image of sb,/bi ðə ˈspɪtɪŋ ˈɪmɪʤ əv ˈsəmˌbɑdi/,eng_to_ipa+fixed_function
89b9071d-c8b1-483c-9226-d47b90c8bd53,07 - Family,blood is thicker than water,/blʊd ɪz ˈθɪkər ðən ˈwɔtər/,dictionary+eng_to_ipa+fixed_function
cbf51e68-909a-4d98-9f8e-6641801aab82,07 - Family,bring home the bacon,/brɪŋ hoʊm ðə ˈbeɪkən/,eng_to_ipa+fixed_function
3ebb49c0-c7d8-460d-82a2-d7e4bd51d310,07 - Family,follow(in)one's footsteps,/ˈfɑloʊ ɪn wənz ˈfʊtˌstɛps/,eng_to_ipa
3d6ed5dd-a8ab-4c77-a3e8-c7cf8b6a5db7,07 - Family,"like father,like son",/laɪk ˈfɑðər laɪk sən/,eng_to_ipa
41b861fe-3aaa-4b68-b13d-7979aa71d68e,07 - Family,men build the house and women make it home,/mɛn bɪld ðə haʊs ən ˈwɪmən meɪk ɪt hoʊm/,dictionary+eng_to_ipa+fixed_function
9224e204-659a-4272-9cdf-e4038f832f1d,07 - Family,run in the family,/rən ɪn ðə ˈfæməli/,eng_to_ipa+fixed_function
1d41bfd3-246f-4939-9816-e9597d6923af,07 - Family,set a good example for,/sɛt ə gʊd ɪgˈzæmpəl fə/,eng_to_ipa+fixed_function
8955d928-973f-48f6-b51f-1034198fbeac,07 - Family,to sb,/tə ˈsəmˌbɑdi/,eng_to_ipa+fixed_function
04b27f79-8286-46b9-b0ef-0ca598e54803,07 - Family,spare the rod and spoil the child,/spɛr ðə rɑd ən spɔɪl ðə ʧaɪld/,eng_to_ipa+fixed_function
66671d66-a570-4375-bf89-5cf00955b064,07 - Family,the apple of one's eye,/ðə ˈæpəl əv wənz aɪ/,eng_to_ipa+fixed_function
0db05035-c6e6-475d-bdfe-c262618c787b,07 - Family,the black sheep of the family,/ðə blæk ʃip əv ðə ˈfæməli/,eng_to_ipa+fixed_function
b49e63ba-c34d-4362-a79a-c7aad2ea4a55,07 - Family,tie the knot,/taɪ ðə nɑt/,eng_to_ipa+fixed_function
06dfe218-7372-447d-8608-298f9e6e5826,07 - Family,up the duff,/əp ðə dəf/,eng_to_ipa+fixed_function
96c283b2-80ac-4d02-bbb1-52480c94c5d6,07 - Family,wear the pants,/wɛr ðə pænts/,eng_to_ipa+fixed_function
4f67efc5-9458-4993-b3c5-96f5c8f13c42,07 - Family,rule the roost,/rul ðə rust/,eng_to_ipa+fixed_function
70430d7a-b2fc-4291-9981-a50a5eaf24a7,07 - Family,a match made in heaven,/ə mæʧ meɪd ɪn hɛvn/,dictionary+eng_to_ipa+fixed_function
95fb579b-07ae-439d-9b38-2e29c8428a7e,07 - Family,ask sb for one's hand,/ˈask ˈsəmˌbɑdi fə wənz hænd/,dictionary+eng_to_ipa+fixed_function
97d12f6b-317d-4c0a-b450-dd6c0b952d19,07 - Family,at one's mother's knee,/ət wənz ˈməðərz niː/,dictionary+eng_to_ipa+fixed_function
d171b27a-3e15-4881-bfe9-98035d2f9fdc,07 - Family,be an item,/bi ən ˈaɪ̯ɾm̩/,dictionary+eng_to_ipa+fixed_function
4170d5a2-201d-47d6-95df-e50fab53607e,07 - Family,be in the,/bi ɪn ðə/,eng_to_ipa+fixed_function
4680702d-e29f-4338-9315-d87df3626731,07 - Family,sb's blood,/ˈsəmˌbɑdiz blʊd/,dictionary+eng_to_ipa
93913f02-f744-4b42-bcb9-e7ab9c04b5e7,07 - Family,be like two peas in a pod,/bi laɪk tuː piːz ɪn ə ˈpɒd/,dictionary+eng_to_ipa+fixed_function
790a55f9-b6e5-4358-9835-727905e130bc,07 - Family,bundle of joy,/ˈbʌnd(ə)l əv dʒɔɪ/,dictionary+fixed_function
7c9f9bdd-4de3-4b91-8ed7-9b50e7a8be81,07 - Family,(come)hell or high water,/kəm hɛl ɔː haɪ ˈwɔtər/,eng_to_ipa+fixed_function
06678eff-9a37-47ea-9581-2f6c4de1d20f,07 - Family,children should be seen and not heard,/ˈʧɪldrən ʃʊd bi ˈsiːn ən nɑt hiːɹd/,dictionary+eng_to_ipa+fixed_function
acf5666d-351e-4455-937e-af64e72b6615,07 - Family,"East or West,home is best",/iːst ɔː wɛst hoʊm ɪz bɛst/,dictionary+eng_to_ipa+fixed_function
53a5f61d-4c41-4127-ae9f-37dc77c8ff2e,07 - Family,great with child,/greɪt wɪθ ʧaɪld/,eng_to_ipa
62933476-9274-476d-8d4e-1dd9d50b4c6a,07 - Family,kiss and make up,/kɪs ən meɪk əp/,dictionary+eng_to_ipa+fixed_function
83ddc926-a702-4d0e-9070-f380444010bf,07 - Family,love at first sight,/lʊv ət fɪrst saɪt/,dictionary+fixed_function
c460f386-cf1c-46c2-9ba3-085b7b901eba,07 - Family,on the rocks,/ɔn ðə ɹɒks/,dictionary+eng_to_ipa+fixed_function
6d7057f5-201c-4dc8-87a1-81a8cc79fdfc,07 - Family,one's pride and joy,/wənz praɪd ən dʒɔɪ/,dictionary+eng_to_ipa+fixed_function
12d17f1a-c3da-475d-ae30-75f968531e98,07 - Family,sleep like a baby,/sliːp laɪk ə ˈbeɪbi/,dictionary+eng_to_ipa+fixed_function
ef89b12a-99ec-4d13-ad13-5b984745a87e,07 - Family,take it or leave it,/teɪk ɪt ɔː liːv ɪt/,dictionary+eng_to_ipa+fixed_function
b45d0bdb-cb43-4113-a06d-bee566a3b614,07 - Family,the mother of all sth,/ðə ˈməðər əv ɔl ˈsamθɪŋ/,dictionary+eng_to_ipa+fixed_function
7375ea78-1c2c-4e5c-bd4f-bd0ead61ffd7,07 - Family,throw the baby out with the bathwater,/θroʊ ðə ˈbeɪbi aʊt wɪθ ðə ˈbɑːθwɔːtə(ɹ)/,dictionary+eng_to_ipa+fixed_function
cd30f4e2-5f5f-4a10-9345-49344e4a115c,07 - Family,whisper sweet nothings(to sb),/ˈ(h)wɪspə swit ˈnəθɪŋz tə ˈsəmˌbɑdi/,dictionary+eng_to_ipa+fixed_function
3e71e017-893f-46df-9cec-9a97ae93c304,07 - Family,murmur sweet nothings(to sb),/ˈmɜː.mə(ɹ) swit ˈnəθɪŋz tə ˈsəmˌbɑdi/,dictionary+eng_to_ipa+fixed_function
4cf97850-e1bd-4e59-8c52-ede69aa793a3,07 - Family,a man of few words,/ə mɛn əv fjuː wɜːdz/,dictionary+fixed_function
56bd2ec8-6d0b-4971-a253-482e21296827,07 - Family,a woman of few words,/ə ˈwʊmɘn əv fjuː wɜːdz/,dictionary+fixed_function
e005a084-61df-41fd-901a-29ac67194511,07 - Family,at one's time of life,/ət wənz tɑem əv laɪf/,dictionary+eng_to_ipa+fixed_function
342c002a-5306-4737-b816-20c3b18e263c,07 - Family,be at odds with sb,/bi ət ɑdz wɪθ ˈsəmˌbɑdi/,eng_to_ipa+fixed_function
3d731e28-8cea-4f15-a3fe-d77ed5ac88f7,07 - Family,be there for sb,/bi ðɛr fə ˈsəmˌbɑdi/,eng_to_ipa+fixed_function
9ad824b2-f971-497f-b806-22cfacf28cda,07 - Family,born and bred,/bɔrn ən brɛd/,eng_to_ipa+fixed_function
2b74b352-c402-4f62-a2c3-f86028652f3b,07 - Family,bury the hatchet,/ˈbɛri ðə ˈhæʧət/,eng_to_ipa+fixed_function
660eb97b-7ffc-49d0-ba7a-7de465d0f93b,07 - Family,child's play,/ʧaɪldz pleɪ/,eng_to_ipa
8d16d6ef-23f6-4c7b-8c05-ef40b6e47e5e,07 - Family,dirty laundry,/ˈdərti ˈlɑn.dɹi/,dictionary+eng_to_ipa
d1895b14-7672-474b-9b93-7b717571cff4,07 - Family,family comes first,/ˈfæməli kəmz fɪrst/,dictionary+eng_to_ipa
8f9266c2-bdd9-4437-8fff-ff3daf5ee161,07 - Family,fight like cats and dogs,/faɪt laɪk kæts ən dɔgz/,eng_to_ipa+fixed_function
791dd74c-7bef-455e-905d-049de4141e7f,07 - Family,get it through one's thick head,/gɪt ɪt θru wənz θɪk hɛd/,eng_to_ipa
d881e2b1-a382-494f-8ff9-3eb86b878c11,07 - Family,get it through your thick skull,/gɪt ɪt θru jʊr θɪk skəl/,eng_to_ipa
861e2d9f-f28d-47ee-b387-b9cf8e7cd165,07 - Family,in one's good books,/ɪn wənz gʊd bʊks/,eng_to_ipa
b5c791de-20b5-405e-a887-ae3b056f2c4c,07 - Family,love sb to bits,/lʊv ˈsəmˌbɑdi tə bɪts/,dictionary+eng_to_ipa+fixed_function
2da18705-2afc-48d6-89b9-4de4a5ea40c8,07 - Family,make yourself at home,/meɪk ˈjɔrsɛlf ət hoʊm/,dictionary+eng_to_ipa+fixed_function
9c923eb5-e29f-4ac2-bc07-545abf9314b5,07 - Family,mend your ways,/mɛnd jʊr weɪz/,eng_to_ipa
53308b20-4c67-4d8b-bcf7-0ad7fc75c1bc,07 - Family,not be born yesterday,/nɑt bi bɔrn ˈjɛstərˌdeɪ/,eng_to_ipa
f76cf19e-86b3-4f6a-92fd-4003547c83a1,07 - Family,not pull any punches,/nɑt pʊl ˈæni ˈpənʧɪz/,dictionary+eng_to_ipa
c0cf3790-8c9f-46bd-a735-6f21b7e3f44c,07 - Family,not pull your punches,/nɑt pʊl jʊr ˈpənʧɪz/,dictionary+eng_to_ipa
2dda4f2a-d5f3-4619-a183-2c9565f236e1,07 - Family,pull no punches,/pʊl nəʊ ˈpənʧɪz/,dictionary+eng_to_ipa
63af1ee0-c865-4064-b828-2b211ed15e7f,07 - Family,storm in a teacup,/stɔrm ɪn ə ˈtiˌkəp/,eng_to_ipa+fixed_function
0af25538-19a1-4aa2-a46c-fccc09de1392,07 - Family,tempest in a teacup,/ˈtɛmpəst ɪn ə ˈtiˌkəp/,eng_to_ipa+fixed_function
d19b1fb2-e946-4674-a6ac-68ea9acbb03a,07 - Family,the father of sth,/ðə ˈfɑðər əv ˈsamθɪŋ/,dictionary+eng_to_ipa+fixed_function
38d6d1c1-998c-433f-8688-3c75ebf24700,07 - Family,walk down the aisle,/wɔk daʊn ðə aɪəl/,eng_to_ipa+fixed_function
cd875e6a-d3d3-4fbd-a1ec-8e5c716b773a,07 - Family,close to one's heart,/kloʊz tə wənz hɑːt/,dictionary+eng_to_ipa+fixed_function
60f82dfb-708f-42a2-a46c-574d5918f8b4,07 - Family,dear to one's heart,/dɪr tə wənz hɑːt/,dictionary+eng_to_ipa+fixed_function
0c307324-4de8-467e-bb14-5a41c2d40b86,07 - Family,see someone's true colors,/si ˈsəmˌwənz tru ˈkʌl.əz/,dictionary+eng_to_ipa
21302e39-0b87-47fc-8716-001eca9603dc,07 - Family,be the death of sb,/bi ðə dɛθ əv ˈsəmˌbɑdi/,eng_to_ipa+fixed_function
f39adff4-7900-4c2b-b4c6-50b1726ac832,07 - Family,be the making of sb,/bi ðə ˈmeɪkɪŋ əv ˈsəmˌbɑdi/,eng_to_ipa+fixed_function
8fa356c2-55a4-4ff3-a284-2e3f715b92e6,07 - Family,be the creature of sb,/bi ðə ˈkriʧər əv ˈsəmˌbɑdi/,eng_to_ipa+fixed_function
b56448c5-2737-4a82-a82b-077c15e6ae95,07 - Family,be the creature of sth,/bi ðə ˈkriʧər əv ˈsamθɪŋ/,dictionary+eng_to_ipa+fixed_function
6b367ea9-d70f-4d0e-a000-97ac8c45b255,07 - Family,make one's peace(with sb),/meɪk wənz piːs wɪθ ˈsəmˌbɑdi/,dictionary+eng_to_ipa
b84cdc15-1268-4a99-9354-10f4d7b5b71b,07 - Family,air one's dirty laundry in public,/ˈɛə wənz ˈdərti ˈlɑn.dɹi ɪn ˈpʌblɪk/,dictionary+eng_to_ipa
29449efc-f4d3-4d78-a95d-5a2eff68762a,08 - Relationships,ask sb out,/ˈask ˈsəmˌbɑdi aʊt/,dictionary+eng_to_ipa
dcb0cdd9-3fe5-4de8-9708-95e0b327a3f7,08 - Relationships,casual acquaintances,/ˈkɛʒɘl əkˈweɪntənsɪz/,dictionary+eng_to_ipa
71c9d048-de88-4135-b49a-e81662f85adf,08 - Relationships,cheat on sb,/tʃiːt ɔn ˈsəmˌbɑdi/,dictionary+eng_to_ipa
bc58cc81-e7e0-43e0-85d3-0d54d9a5460c,08 - Relationships,childhood friend,/ˈʧaɪlˌdhʊd fɹɛnd/,dictionary+eng_to_ipa
788c8229-82d1-4fa3-ac75-f147626f6777,08 - Relationships,childhood sweetheart,/ˈʧaɪlˌdhʊd ˈswiːtˌhɑːt/,dictionary+eng_to_ipa
f1acc3b6-6467-486b-9fc9-7d32f8778655,08 - Relationships,circle of friends,/ˈsɜɹkəl əv fɹɛn(d)z/,dictionary+fixed_function
ccdd43b1-459f-456a-971e-5c0d7fe4ac96,08 - Relationships,close friend,/kloʊz fɹɛnd/,dictionary+eng_to_ipa
49439e73-bdba-4a32-b39e-d0f5ce10f829,08 - Relationships,intimate friend,/ˈɪn.tɪ.mət fɹɛnd/,dictionary
a94655b9-be78-4211-94dd-c4624f774ac5,08 - Relationships,fall in love with sb,/fɔːl ɪn lʊv wɪθ ˈsəmˌbɑdi/,dictionary+eng_to_ipa
9245cc37-900a-4416-908e-1d3721405cc9,08 - Relationships,love sb,/lʊv ˈsəmˌbɑdi/,dictionary+eng_to_ipa
c4410137-1c4f-4d3d-9b06-a164b05e2b9c,08 - Relationships,fall for sb,/fɔːl fə ˈsəmˌbɑdi/,dictionary+eng_to_ipa+fixed_function
a3c0810c-6b21-4e40-a596-63c4f3403391,08 - Relationships,have a crush on sb,/hæv ə kɹʌʃ ɔn ˈsəmˌbɑdi/,dictionary+eng_to_ipa+fixed_function
92d5b7a0-49c0-4a79-91f8-1710cb409401,08 - Relationships,have sth in common,/hæv ˈsamθɪŋ ɪn ˈkɒmən/,dictionary+eng_to_ipa
52e7062f-82c1-46e9-9628-12c27e46e446,08 - Relationships,high school sweetheart,/haɪ skuːl ˈswiːtˌhɑːt/,dictionary+eng_to_ipa
959face5-9ba7-4c3f-9fd4-27587c89e8f6,08 - Relationships,high college sweetheart,/haɪ ˈkɒlɪd͡ʒ ˈswiːtˌhɑːt/,dictionary+eng_to_ipa
366cdaad-805e-44dc-9767-7e7fc37bda4d,08 - Relationships,hit on sb,/hɪt ɔn ˈsəmˌbɑdi/,eng_to_ipa
ab403686-a91d-407f-bbdc-b88b8d7c3753,08 - Relationships,lead sb on,/lɛd ˈsəmˌbɑdi ɔn/,eng_to_ipa
8c4335a6-d16a-49e5-ab62-d8baaebff11e,08 - Relationships,make a commitment,/meɪk ə kəˈmɪtmənt/,dictionary+eng_to_ipa+fixed_function
69961e9a-539a-4925-96b8-fef3d40a0803,08 - Relationships,make friends with sb,/meɪk fɹɛn(d)z wɪθ ˈsəmˌbɑdi/,dictionary+eng_to_ipa
7cdbce6b-ab65-44fa-b2be-092600daaa75,08 - Relationships,strike up a friendship with sb,/straɪk əp ə ˈfɹɛndʃɪp wɪθ ˈsəmˌbɑdi/,dictionary+eng_to_ipa+fixed_function
0db42d0f-5beb-42bd-923f-f035d8f5a035,08 - Relationships,pen friend,/pɛn fɹɛnd/,dictionary
35909322-8e8a-4ba7-b686-edfebb6683a8,08 - Relationships,pen pal,/pɛn pal/,dictionary
433667d1-3450-4e0f-8d2c-c7d14f1df9ee,08 - Relationships,platonic relationship,/pləˈtɒnɪk ɹɪˈleɪʃ(ə)nʃɪp/,dictionary
e8493e04-f6c1-4eb5-b2dc-c79320c2107e,08 - Relationships,significant other,/sɪɡˈnɪ.fɪ.kənt ˈɐðə/,dictionary
935a8835-9832-424f-bfb3-84e32d412739,08 - Relationships,unrequited love,/ˌənrikˈwaɪtɪd lʊv/,dictionary+eng_to_ipa
c464ea3a-ddd8-4e46-81c8-8c8b7fd3ae9d,08 - Relationships,abuse of trust,/əˈbjuːs əv trʊst/,dictionary+fixed_function
35b28ee5-78ff-4e36-b4c0-5f2d1c2c6f39,08 - Relationships,abuse of a breach of trust,/əˈbjuːs əv ə briʧ əv trʊst/,dictionary+eng_to_ipa+fixed_function
55b1d484-f20e-4072-9468-de8dd59d24e7,08 - Relationships,be reconciled with sb,/bi ˈrɛkənˌsaɪld wɪθ ˈsəmˌbɑdi/,eng_to_ipa
f4dcf053-4ce9-41fa-aed5-a1508a89493f,08 - Relationships,betray one's trust,/bɪˈtreɪ wənz trʊst/,dictionary+eng_to_ipa
7f33215e-bfeb-4ff8-9742-54a21ea5c995,08 - Relationships,blind date,/blaɪnd deɪt/,eng_to_ipa
e0b071d1-c740-44ad-bae8-2c769dce7fed,08 - Relationships,cement a friendship,/sɪˈmɛnt ə ˈfɹɛndʃɪp/,dictionary+eng_to_ipa+fixed_function
75d2e0cb-2cb7-4b10-90f5-7bb469b18508,08 - Relationships,spoil a friendship,/spɔɪl ə ˈfɹɛndʃɪp/,dictionary+eng_to_ipa+fixed_function
4b3db7ed-e330-4a92-8731-c472dfbcdb8b,08 - Relationships,close confidant,/kloʊz ˈkɑnfəˌdɑnt/,eng_to_ipa
94926171-6c3b-4d0c-9506-e9a222346a57,08 - Relationships,confess sth to sb,/kənˈfɛs ˈsamθɪŋ tə ˈsəmˌbɑdi/,dictionary+eng_to_ipa+fixed_function
b740a3f6-928c-47c0-b977-2a1c4f463b2a,08 - Relationships,feel the attraction of sb,/fil ðə əˈtrækʃən əv ˈsəmˌbɑdi/,eng_to_ipa+fixed_function
2e6d6869-9070-43c1-a975-f7af2ef26504,08 - Relationships,feel the attraction of sth,/fil ðə əˈtrækʃən əv ˈsamθɪŋ/,dictionary+eng_to_ipa+fixed_function
f81aff31-2abf-49c7-aede-fdb4bba9a465,08 - Relationships,form a friendship,/fɔrm ə ˈfɹɛndʃɪp/,dictionary+eng_to_ipa+fixed_function
ad340a1f-b2cf-4f1c-b0ea-64e0adf3cefc,08 - Relationships,develop a friendship,/dɪˈvɛləp ə ˈfɹɛndʃɪp/,dictionary+eng_to_ipa+fixed_function
e62b3daf-e611-4d29-a352-3f13315a0bbf,08 - Relationships,have a quarrel with sb,/hæv ə kˈwɔrəl wɪθ ˈsəmˌbɑdi/,eng_to_ipa+fixed_function
e0cf9b81-ef40-4ddd-8ebf-2e5a89cbd7cf,08 - Relationships,have a row with sb,/hæv ə roʊ wɪθ ˈsəmˌbɑdi/,eng_to_ipa+fixed_function
628ed814-8703-44a6-840e-55ed3592f96a,08 - Relationships,keep in contact with sb,/kiːp ɪn ˈkɑnˌtækt wɪθ ˈsəmˌbɑdi/,dictionary+eng_to_ipa
8fff20ad-ab13-4837-b449-89cb270d1bdd,08 - Relationships,keep in touch with sb,/kiːp ɪn təʧ wɪθ ˈsəmˌbɑdi/,dictionary+eng_to_ipa
b911a227-acf0-4793-a590-bcf48183b81c,08 - Relationships,stay in contact with sb,/steɪ ɪn ˈkɑnˌtækt wɪθ ˈsəmˌbɑdi/,eng_to_ipa
d6679f09-4761-4a8f-b8c7-950b3b6f4955,08 - Relationships,stay in touch with sb,/steɪ ɪn təʧ wɪθ ˈsəmˌbɑdi/,eng_to_ipa
f9576de0-3098-4f6a-8a2d-eec910cb4639,08 - Relationships,be in contact with sb,/bi ɪn ˈkɑnˌtækt wɪθ ˈsəmˌbɑdi/,eng_to_ipa
0079a8d3-102d-4ab7-b7aa-70b904c418a4,08 - Relationships,be in touch with sb,/bi ɪn təʧ wɪθ ˈsəmˌbɑdi/,eng_to_ipa
fa8f6301-0740-44ed-96c1-dee991d70d9a,08 - Relationships,get in contact with sb,/gɪt ɪn ˈkɑnˌtækt wɪθ ˈsəmˌbɑdi/,eng_to_ipa
65f8b514-a2c5-401c-a8ed-57d48c171d4c,08 - Relationships,get in touch with sb,/gɪt ɪn təʧ wɪθ ˈsəmˌbɑdi/,eng_to_ipa
2c459d5e-2ab1-482d-89cc-f87ba4f9ecbf,08 - Relationships,make a fuss(about),/meɪk ə fəs əˈbaʊt/,dictionary+eng_to_ipa+fixed_function
d2267436-46ad-465b-95b5-cf037214457e,08 - Relationships,make a sb,/meɪk ə ˈsəmˌbɑdi/,dictionary+eng_to_ipa+fixed_function
23e4b09e-9bad-4d8c-bed4-d6255616722c,08 - Relationships,make an over)sth,/meɪk ən ˈoʊvər ˈsamθɪŋ/,dictionary+eng_to_ipa+fixed_function
ec15fec9-c3de-46f7-b927-fa4014f5330f,08 - Relationships,make it up to sb,/meɪk ɪt əp tə ˈsəmˌbɑdi/,dictionary+eng_to_ipa+fixed_function
af206731-910d-4347-a3db-1c8bdc31144a,08 - Relationships,make the relationship work,/meɪk ðə ɹɪˈleɪʃ(ə)nʃɪp wərk/,dictionary+eng_to_ipa+fixed_function
6e62d67d-5e11-4a0d-acb9-83afcdd6831c,08 - Relationships,mutual friends,/mˈjuʧuəl fɹɛn(d)z/,dictionary+eng_to_ipa
19c93aee-ac65-4e63-ac04-55989d6b181c,08 - Relationships,put some distance (between A and B),/pʊt səm ˈdɪstəns bɪtˈwin ə ən bi/,eng_to_ipa+fixed_function
8e4b0a1f-4e9c-4c8a-b45a-61c83e1c93f5,08 - Relationships,take the initiative in doing sth,/teɪk ðə ˌɪˈnɪʃətɪv ɪn duɪŋ ˈsamθɪŋ/,dictionary+eng_to_ipa+fixed_function
7a271d2a-2e96-4ff7-b005-d1c7296ad5a0,08 - Relationships,apologize sincerely to sb,/əˈpɑləˌʤaɪz sɪnˈsɪrli tə ˈsəmˌbɑdi/,eng_to_ipa+fixed_function
5f7f55ab-e16a-45d5-b7c3-3216299f1f84,08 - Relationships,be desperately in love with sb,/bi ˈdɛspərətli ɪn lʊv wɪθ ˈsəmˌbɑdi/,dictionary+eng_to_ipa
e1004203-d769-4e7e-999a-4b5b3c3ef42b,08 - Relationships,bear a grudge against sb,/bɛr ə grəʤ əˈgɛnst ˈsəmˌbɑdi/,eng_to_ipa+fixed_function
7090eb39-0aea-467b-904c-9c6fd200ee46,08 - Relationships,break up(with sb),/breɪk əp wɪθ ˈsəmˌbɑdi/,eng_to_ipa
1fc5eeac-e678-4d9f-a126-952a587b4174,08 - Relationships,earn sb's respect,/ɜːn ˈsəmˌbɑdiz rɪˈspɛkt/,dictionary+eng_to_ipa
247aed4c-23ac-4cf8-a134-00ad66918ab0,08 - Relationships,escalate a conflict,/ˈɛskəˌleɪt ə ˈkɑnflɪkt/,eng_to_ipa+fixed_function
2f1d86a3-bd84-4037-a319-3f54155b4988,08 - Relationships,escalate a tension,/ˈɛskəˌleɪt ə ˈtɛnʃən/,eng_to_ipa+fixed_function
26660bb9-14e0-49bd-9c6f-c2fd39888f50,08 - Relationships,escalate a situation,/ˈɛskəˌleɪt ə ˌsɪʧuˈeɪʃən/,eng_to_ipa+fixed_function
7d0ed174-5cf5-42a1-9517-28aee666eb1b,08 - Relationships,escalate a dispute,/ˈɛskəˌleɪt ə dɪˈspjut/,eng_to_ipa+fixed_function
4377dd76-3b23-46a1-8ea3-3b90fdc74474,08 - Relationships,flesh and blood,/flɛʃ ən blʊd/,dictionary+eng_to_ipa+fixed_function
34ab387f-5d80-4573-a4c4-f24e186fd38b,08 - Relationships,give sb a second chance,/gɪv ˈsəmˌbɑdi ə ˈsɛkənd ʧæns/,eng_to_ipa+fixed_function
85b5cbea-6536-4bd7-86c1-95e2658ebf4b,08 - Relationships,go on a date with sb,/goʊ ɔn ə deɪt wɪθ ˈsəmˌbɑdi/,eng_to_ipa+fixed_function
0876ed7d-1a3f-4c43-bf91-a8cb21f54324,08 - Relationships,let bygones be bygones,/lɛt ˈbaɪˌgɔnz bi ˈbaɪˌgɔnz/,eng_to_ipa
ceedac33-7325-44ad-b0b3-7610d58ae0de,08 - Relationships,make amends,/meɪk əˈmɛndz/,dictionary+eng_to_ipa
482aca10-1a38-47ca-a9c9-91ee20a2e865,08 - Relationships,move on from the past,/muv ɔn frəm ðə pæst/,eng_to_ipa+fixed_function
0595600a-e275-4e44-935b-5bb39bf24563,08 - Relationships,patch things up with sb,/pæʧ θɪŋz əp wɪθ ˈsəmˌbɑdi/,dictionary+eng_to_ipa
6a34a7bc-68a1-4738-b086-e39ad307309f,08 - Relationships,reach a compromise,/riʧ ə ˈkɑmprəˌmaɪz/,eng_to_ipa+fixed_function
efd8b1c3-87d1-4825-bbde-ec59b24d404c,08 - Relationships,rekindle the romance,/riˈkɪndəl ðə ˈroʊmæns/,eng_to_ipa+fixed_function
515cd169-8df1-439d-a491-1f1a32074d33,08 - Relationships,settle a dispute,/ˈsɛtəl ə dɪˈspjut/,eng_to_ipa+fixed_function
9866eb95-bafe-412a-982d-89ce5c09bbde,08 - Relationships,smooth sth over,/smuːð ˈsamθɪŋ ˈoʊvər/,dictionary+eng_to_ipa
03939925-170b-485d-9408-875b6f1845c0,08 - Relationships,social network,/ˈsoʊʃəl nɛtwɜːk/,dictionary+eng_to_ipa
cda17095-e243-4786-9948-593a006a6b3b,08 - Relationships,take sb's side,/teɪk ˈsəmˌbɑdiz saɪd/,dictionary+eng_to_ipa
92b71cbd-dd41-446a-beec-6c2daa00d68e,08 - Relationships,the love of one's life,/ðə lʊv əv wənz laɪf/,dictionary+eng_to_ipa+fixed_function
f786ec0c-ee65-4573-8588-b276d80d4aa0,08 - Relationships,be attracted to sb,/bi əˈtɹæktɪd tə ˈsəmˌbɑdi/,dictionary+eng_to_ipa+fixed_function
51235c4d-2a02-4a02-8c10-2e614a7a7b72,08 - Relationships,boggle the mind,/ˈbɒɡ.əl ðə maɪnd/,dictionary+eng_to_ipa+fixed_function
a519d038-7fd1-404a-b654-476fc0130ad8,08 - Relationships,exchange harsh words,/ɛksˈtʃeɪndʒ hɑːʃ wɜːdz/,dictionary
fd2df8e8-93f8-4410-8040-43afc48ee829,08 - Relationships,express gratitude to sb(for sth),/ɛk.ˈspɹɛs ˈɡɹætɪt(j)ud tə ˈsəmˌbɑdi fə ˈsamθɪŋ/,dictionary+eng_to_ipa+fixed_function
0278e23b-69be-45cc-a714-15071f622ee8,08 - Relationships,express love for sb,/ɛk.ˈspɹɛs lʊv fə ˈsəmˌbɑdi/,dictionary+eng_to_ipa+fixed_function
5e47e82a-a92a-4b7b-a0bf-cecb978e9fb6,08 - Relationships,get back together,/gɪt bæk təˈgɛðər/,eng_to_ipa
b601893f-caf5-41d9-ab97-ce788b6b3798,08 - Relationships,get one's message across,/gɪt wənz ˈmɛsɪd͡ʒ əˈkɹɑs/,dictionary+eng_to_ipa
44c243f9-74bc-45cf-be07-0e7650d54ce2,08 - Relationships,give constructive feedback,/gɪv kənˈstɹʌktɪv ˈfiːdˌbæk/,dictionary+eng_to_ipa
25120339-d10f-48d9-904d-5298f755427c,08 - Relationships,give sb a compliment on sth,/gɪv ˈsəmˌbɑdi ə ˈkɒmplɪmənt ɔn ˈsamθɪŋ/,dictionary+eng_to_ipa+fixed_function
7efc9d5a-aeee-4a30-ac9b-353088ff0ed4,08 - Relationships,hurt one's feelings,/hɜːt wənz ˈfiːlɪŋz/,dictionary+eng_to_ipa
97155ef0-a879-485c-aa12-3eebedc7bda5,08 - Relationships,keep one's secret,/kiːp wənz ˈsiːkɹət/,dictionary+eng_to_ipa
8382ec46-bb20-491c-a18a-142c1666f33c,08 - Relationships,keep one's word,/kiːp wənz wərd/,dictionary+eng_to_ipa
ee1824fd-68a2-40fd-9ebe-606a6d494eb9,08 - Relationships,point the finger at sb,/pɔɪnt ðə ˈfɪŋəɹ ət ˈsəmˌbɑdi/,dictionary+eng_to_ipa+fixed_function
9cf2aaf7-69b5-4e31-ba07-14f9367912e8,07 - Family,mend bridges,/mɛnd ˈbɹɪdʒɪz/,dictionary+eng_to_ipa
bc973ccd-097f-4a21-8f14-eec4e896cb2b,07 - Family,mend relations,/mɛnd ɹɪˈleɪʃənz/,dictionary+eng_to_ipa
e4e72333-de70-4fa5-b024-8f26bccc4045,05 - Cause and Effect,suffer the consequences,/ˈsəfər ðə ˈkɑnsɪkwɛnsɪz/,dictionary+eng_to_ipa+fixed_function
b6cdb886-d190-49b6-9492-bc226ff74e38,04 - Success and Failure,do the trick,/dʉː ðə tɹɪk/,dictionary+fixed_function
c15d8e1e-d526-426c-bf8e-90d2af67cb31,07 - Family,mend fences,/mɛnd ˈfɛnsɪz/,eng_to_ipa
9d8ab30d-1e8d-40fe-b81e-02f67057edc4,07 - Family,make sb feel welcome,/meɪk ˈsəmˌbɑdi fil ˈwɛlkəm/,dictionary+eng_to_ipa
851f72c4-82da-4398-9bf7-bd51907fffcf,05 - Cause and Effect,face the consequences,/feɪs ðə ˈkɑnsɪkwɛnsɪz/,dictionary+fixed_function
b3d18a59-c380-4d57-b7da-c4240b1923f8,07 - Family,live in harmony,/lɪv ɪn ˈhɑrməni/,eng_to_ipa
96164fec-6996-4295-8102-c616d378bb48,05 - Cause and Effect,dire consequences,/daɪər ˈkɑnsɪkwɛnsɪz/,dictionary+eng_to_ipa
0d0138b3-fc23-47a7-82c1-dda8b6b723f1,04 - Success and Failure,win the day,/wɪn ðə deɪ/,eng_to_ipa+fixed_function
47806178-66a5-486d-b400-92eed32f1de2,03 - Starting and Finishing,get the ball rolling,/gɪt ðə bɔl ˈroʊlɪŋ/,eng_to_ipa+fixed_function
826b8c13-75e0-479b-be42-a5ead022e6d0,07 - Family,keep the house in order,/kiːp ðə haʊs ɪn ˈɔrdər/,dictionary+eng_to_ipa+fixed_function
5590549c-0dad-4da9-beca-38b9b5a4d0ea,07 - Family,keep a watchful eye on sb,/kiːp ə ˈwɑʧfəl aɪ ɔn ˈsəmˌbɑdi/,dictionary+eng_to_ipa+fixed_function
fd286040-1864-458c-9c06-3708336c91b2,05 - Cause and Effect,contributing factor,/kənˈtrɪbjutɪŋ ˈfæktər/,eng_to_ipa
b7595c7f-4ca0-45d0-a362-6d8f04c6c95d,07 - Family,honor one's parents,/ˈɑnər wənz ˈpɛrənts/,eng_to_ipa
f784590d-da18-4a21-afc4-56437887aca9,07 - Family,hold one's weight,/hoʊld wənz weɪt/,dictionary+eng_to_ipa
7f0d1c5d-0210-417b-bc93-fb8ef98738eb,05 - Cause and Effect,compelling reason,/kəmˈpɛlɪŋ ˈɹiːzən/,dictionary+eng_to_ipa
2dacd2f4-9087-4628-be42-d6062d699e53,04 - Success and Failure,carry the day,/ˈkɛri ðə deɪ/,eng_to_ipa+fixed_function
4a7c7cd9-80a8-4892-af75-d220e02d0373,07 - Family,have words with sb,/hæv wɜːdz wɪθ ˈsəmˌbɑdi/,dictionary+eng_to_ipa
d8fb7c14-8cb7-4820-89fd-ea52fe8d1463,07 - Family,have a family row,/hæv ə ˈfæməli roʊ/,eng_to_ipa+fixed_function
8944d7bf-ea03-4cf4-9bd4-70e407b4402f,05 - Cause and Effect,breed resentment,/brid rɪˈzɛntmənt/,eng_to_ipa
240873ae-f682-46ea-859c-36cbec2bb106,07 - Family,turn grey,/tərn greɪ/,eng_to_ipa
3a2ff8a1-b333-449d-a9e2-2cba31f40580,07 - Family,go grey,/goʊ greɪ/,eng_to_ipa
bde71a7f-d52e-4764-9733-8bf56adfebdc,05 - Cause and Effect,at the cost of doing something,/ət ðə kɔst əv duɪŋ ˈsamθɪŋ/,dictionary+eng_to_ipa+fixed_function
ba40bca1-9141-4572-a528-cd1368a68cfc,04 - Success and Failure,be on a roll,/bi ɔn ə roʊl/,eng_to_ipa+fixed_function
585de260-6267-4dea-ab88-a5d6d883c1fa,03 - Starting and Finishing,get off the ground,/gɪt ɔf ðə graʊnd/,eng_to_ipa+fixed_function
1e7768b7-8c1f-4acf-b37c-03920a81db20,03 - Starting and Finishing,initiate a dialogue,/ˌɪˈnɪʃiˌeɪt ə ˈdaɪəˌlɔg/,eng_to_ipa+fixed_function
346742cf-fda0-475c-b9fa-c8718f8dcb19,07 - Family,get hitched,/gɪt hɪʧt/,eng_to_ipa
92ed1800-8d0a-4ba9-b547-d06640d5eec4,07 - Family,father figure,/ˈfɑðər ˈfɪgjər/,eng_to_ipa
c1f2b66e-35b4-47c3-b06e-6608ba6b2baa,05 - Cause and Effect,at the cost of something,/ət ðə kɔst əv ˈsamθɪŋ/,dictionary+eng_to_ipa+fixed_function
899dfe87-2c38-44d7-80a5-c11f551da722,07 - Family,family man,/ˈfæməli mɛn/,dictionary+eng_to_ipa
abb68c1b-5eda-4b82-919c-0ff5a6c48e77,07 - Family,family feud,/ˈfæməli fjud/,eng_to_ipa
5bf2056f-d0ee-4c5f-a64b-d9a38aefbd23,05 - Cause and Effect,act as a catalyst for something,/ækt əz ə ˈkætəˌlɪst fə ˈsamθɪŋ/,dictionary+eng_to_ipa+fixed_function
3735b17d-bd4d-4351-9140-881da63fce0f,04 - Success and Failure,be a howling success,/bi ə ˈhaʊlɪŋ səkˈsɛs/,eng_to_ipa+fixed_function
aa73ae72-5423-425d-bcc8-d3e46c4302fc,07 - Family,domestic violence,/dəˈmɛstɪk ˈvaɪələns/,eng_to_ipa
038df4ca-a553-4c2c-843b-53a7aca89f44,07 - Family,divide household chores,/dɪˈvaɪd ˈhaʊshəʊld ʧɔrz/,dictionary+eng_to_ipa
0d89510a-a930-4a9c-abe5-a61dac97a33a,05 - Cause and Effect,in something,/ɪn ˈsamθɪŋ/,dictionary+eng_to_ipa
7c8b432c-f9dd-4ac9-865f-5869cc6db1bd,07 - Family,cherish family moments,/ˈʧɛrɪʃ ˈfæməli ˈmoʊmənts/,eng_to_ipa
45583dad-84d8-4509-93a3-97a6bc26bd3c,07 - Family,call a halt to sth,/kɔl ə hɔlt tə ˈsamθɪŋ/,dictionary+eng_to_ipa+fixed_function
46cd8250-2643-461b-96b8-9a3b79e8284f,05 - Cause and Effect,a driving force for,/ə ˈdraɪvɪŋ fɔrs fə/,eng_to_ipa+fixed_function
7553c37b-a2e9-4b59-9ccb-21ee280641b5,04 - Success and Failure,a roaring success,/ə ˈrɔrɪŋ səkˈsɛs/,eng_to_ipa+fixed_function
6671c446-c687-40da-afbf-3cc7339e955c,03 - Starting and Finishing,from scratch,/frəm skræʧ/,eng_to_ipa+fixed_function
fc05d4ed-cc5e-4085-ad3a-58b03e439bf5,07 - Family,bring sth together,/brɪŋ ˈsamθɪŋ təˈgɛðər/,dictionary+eng_to_ipa
ff9b027b-7af6-4806-9078-a9575c1a19a2,07 - Family,bring sb together,/brɪŋ ˈsəmˌbɑdi təˈgɛðər/,eng_to_ipa
14975cdd-4a5a-4ae8-a2e5-adbadd5d4c6f,05 - Cause and Effect,a driving force in something,/ə ˈdraɪvɪŋ fɔrs ɪn ˈsamθɪŋ/,dictionary+eng_to_ipa+fixed_function
20ce2a92-a43d-4bfd-99c3-aa1add2cced6,07 - Family,blood brothers,/blʊd ˈbrəðərz/,dictionary+eng_to_ipa
46b04210-ec40-44d3-b49f-e89b49edf3e4,07 - Family,be the envy of sb,/bi ðə ˈɛnvi əv ˈsəmˌbɑdi/,eng_to_ipa+fixed_function
29b3b7ba-cd86-4fe2-a605-b00fbdb80273,05 - Cause and Effect,a driving force behind something,/ə ˈdraɪvɪŋ fɔrs bɪˈhaɪnd ˈsamθɪŋ/,dictionary+eng_to_ipa+fixed_function
7039dbb9-194d-4f24-8a61-96bd83642702,04 - Success and Failure,a resounding success,/ə riˈsaʊndɪŋ səkˈsɛs/,eng_to_ipa+fixed_function
fdc2b4ac-d775-4b1f-9937-2738070aa818,07 - Family,be a role model for sb,/bi ə roʊl ˈmɑdəl fə ˈsəmˌbɑdi/,eng_to_ipa+fixed_function
648f0c95-2824-4479-af5e-088a1cf9f8bf,07 - Family,babe in arms,/beɪb ɪn ɑrmz/,eng_to_ipa
fdeb57ab-2215-4479-bb25-e031496f8953,05 - Cause and Effect,wreak havoc,/rik ˈhævək/,eng_to_ipa
81763940-ca07-41e0-a22f-3d6c72632f5c,07 - Family,within budget,/wɪˈθɪn ˈbʌdʒ.ɪt/,dictionary+eng_to_ipa
e90d6de2-a898-48a9-8f9b-8dcbd2c535ff,07 - Family,have an interest in sth,/hæv ən ˈɪntəˌrɛst ɪn ˈsamθɪŋ/,dictionary+eng_to_ipa+fixed_function
c4bb3985-5f1b-46d5-80b4-436e5c9a8306,05 - Cause and Effect,unforeseen outcome,/ˌənfɔrˈsin ˈaʊtˌkəm/,eng_to_ipa
742d621f-d6ea-41bf-be78-8ebfc51523e9,04 - Success and Failure,win the respect of someone,/wɪn ðə rɪˈspɛkt əv ˈsəmˌwən/,eng_to_ipa+fixed_function
71112342-e070-4c76-ae4d-b9dc0544a695,03 - Starting and Finishing,draw a line under sth,/dɹɔː ə laɪn ˈəndər ˈsamθɪŋ/,dictionary+eng_to_ipa+fixed_function
da39487c-6368-48d7-b242-4ce778a1b627,03 - Starting and Finishing,initiate a process,/ˌɪˈnɪʃiˌeɪt ə ˈpɹoʊsɛs/,dictionary+eng_to_ipa+fixed_function
3b3632de-e2f3-4d09-8cbc-38e72a142dc2,03 - Starting and Finishing,abrupt end,/əˈbrəpt ɛnd/,dictionary+eng_to_ipa
8ee17177-8eb6-44f7-a0fb-61eb5af80255,03 - Starting and Finishing,make a stop,/meɪk ə stɑp/,dictionary+eng_to_ipa+fixed_function
025b144f-14f5-4ae7-964c-f3b359d7af1f,03 - Starting and Finishing,absolute beginner,/ˈæb.səˌljuːt bɪˈɡɪnə/,dictionary
3b727f67-a9cf-4e32-815b-9bdd948fafa2,03 - Starting and Finishing,abandon an attempt to do sth,/əˈbæn.dən ən əˈtɛmpt tə dʉː ˈsamθɪŋ/,dictionary+eng_to_ipa+fixed_function
943215a2-966a-4e4a-b50e-4425d3595d95,08 - Relationships,raise one's voice,/ɹeɪz wənz vɔɪs/,dictionary+eng_to_ipa
5c1ea96a-13fa-4ce5-b4ab-02aa4bd99ce1,08 - Relationships,share common interests,/ʃɛr ˈkɒmən ˈɪnt(ə)ɹɪsts/,dictionary+eng_to_ipa
c9e37865-d737-42f0-9b90-6cc489795913,08 - Relationships,share one's feelings with sb,/ʃɛr wənz ˈfiːlɪŋz wɪθ ˈsəmˌbɑdi/,dictionary+eng_to_ipa
210ce296-49e0-4621-b776-df1bb29ee1e2,08 - Relationships,show affection to sb,/ʃəʊ əˈfɛkʃən tə ˈsəmˌbɑdi/,dictionary+eng_to_ipa+fixed_function
70f2b056-0f61-4aad-84ce-a36ab9d3ea57,08 - Relationships,show empathy to sb,/ʃəʊ ˈɛmpəθi tə ˈsəmˌbɑdi/,dictionary+eng_to_ipa+fixed_function
10bb61d7-6b16-4da0-9a1d-bbd83f549a4a,08 - Relationships,take issue with sb,/teɪk ˈɪsjuː wɪθ ˈsəmˌbɑdi/,dictionary+eng_to_ipa
49dd2b77-1291-4f7f-b59c-77f4e32b9588,08 - Relationships,talk things through,/tɔk θɪŋz θru/,dictionary+eng_to_ipa
98abdee4-ffdd-411b-b377-c8c7b7532c06,08 - Relationships,be no friend of,/bi nəʊ fɹɛnd əv/,dictionary+eng_to_ipa+fixed_function
b3d30dc2-fd7c-4175-aa29-0a6022c8ffab,08 - Relationships,be in each other's pockets,/bi ɪn iːt͡ʃ ˈəðərz ˈpɒkɪts/,dictionary+eng_to_ipa
ca148223-22e9-4ae4-bf10-461a38aa961f,08 - Relationships,live in each other's pockets,/lɪv ɪn iːt͡ʃ ˈəðərz ˈpɒkɪts/,dictionary+eng_to_ipa
556fb8a2-c933-4725-b82c-b388a3986bab,08 - Relationships,come under attack,/kəm ˈəndər əˈtæk/,dictionary+eng_to_ipa
c35184b3-77f7-42bc-854c-66ef40f07009,08 - Relationships,give sb the time of day,/gɪv ˈsəmˌbɑdi ðə tɑem əv deɪ/,dictionary+eng_to_ipa+fixed_function
04d80ec5-bd3a-481c-a405-199be9ca25af,08 - Relationships,go back a long way,/goʊ bæk ə ˈlɔːŋ weɪ/,dictionary+eng_to_ipa+fixed_function
dddfcbb9-4390-4bee-9c0c-f140f76c5c1b,08 - Relationships,have (strong sb),/hæv stɹɑŋ ˈsəmˌbɑdi/,dictionary+eng_to_ipa
96c9160a-f190-4dd5-a2a3-0b430af6645c,08 - Relationships,have great)chemistry(with sb),/hæv greɪt ˈkɛm.ɪ.stɹi wɪθ ˈsəmˌbɑdi/,dictionary+eng_to_ipa
66f9ce2d-8b03-435e-89a7-2370e9ce0781,08 - Relationships,have a heart of stone,/hæv ə hɑːt əv stɐʉn/,dictionary+eng_to_ipa+fixed_function
2f607fea-7fbd-48e2-b58c-1e0c97b12b6a,08 - Relationships,have friends in high places,/hæv fɹɛn(d)z ɪn haɪ ˈpleɪsɪz/,dictionary+eng_to_ipa
bdd09619-29c7-43c8-865b-2f4018356fdb,08 - Relationships,have the ear of sb,/hæv ðə ɪə̯ əv ˈsəmˌbɑdi/,dictionary+eng_to_ipa+fixed_function
b9b8a9fe-d056-40e8-8a16-82621a79b2fd,08 - Relationships,head over heels in love,/hɛd ˈoʊvər hiːlz ɪn lʊv/,dictionary+eng_to_ipa
f3e5d35e-51b0-4f0e-bae1-4ab9c934e060,08 - Relationships,heal the rift,/hiːl ðə ɹɪft/,dictionary+fixed_function
5e2d9a62-2bbe-4f63-9a16-582dc2bf610e,08 - Relationships,hit it off with sb,/hɪt ɪt ɔf wɪθ ˈsəmˌbɑdi/,eng_to_ipa
ab061534-c143-479f-921f-a98d6aa1cd5b,08 - Relationships,kiss and makeup,/kɪs ən ˈmeɪˌkəp/,dictionary+eng_to_ipa+fixed_function
e97212f2-4ae5-4695-b09e-22b5c3f2ac70,08 - Relationships,make out(with sb),/meɪk aʊt wɪθ ˈsəmˌbɑdi/,dictionary+eng_to_ipa
3ab9d1cd-3221-4620-92b9-08ffece675ca,08 - Relationships,puppy love,/ˈpʌpi lʊv/,dictionary
4e900822-1a1f-4302-a912-7c928dde8775,08 - Relationships,rub shoulders sb),/ɹʌb ˈʃəʊldəz ˈsəmˌbɑdi/,dictionary+eng_to_ipa
8b232853-7f51-4521-8683-08f33d816133,08 - Relationships,rub elbows(with sb),/ɹʌb ˈɛl.bəʊz wɪθ ˈsəmˌbɑdi/,dictionary+eng_to_ipa
fffaccb4-8d3c-4081-94ad-efb99cd610a6,08 - Relationships,spring to sb's defence,/spərɪŋ tə ˈsəmˌbɑdiz dɪˈfɛns/,dictionary+eng_to_ipa+fixed_function
0fdee473-fea5-4603-aae0-6d402cc031fc,08 - Relationships,stand the test of time,/stænd ðə test əv tɑem/,dictionary+eng_to_ipa+fixed_function
02e35f9a-4253-4206-b9ba-853faef4836e,08 - Relationships,a tower of strength,/ə ˈtaʊ.ə(ɹ) əv stɹɛŋkθ/,dictionary+fixed_function
afdff620-c312-4c86-b732-31ec61106fa0,08 - Relationships,a twinkle in one's eye,/ə ˈtwɪŋkl̩ ɪn wənz aɪ/,dictionary+eng_to_ipa+fixed_function
57a42664-ac93-47a9-8a3d-877cecb3d107,08 - Relationships,be in one's bad books,/bi ɪn wənz bæːd bʊks/,dictionary+eng_to_ipa
3e34209c-e576-4534-95a5-bdcde5a5a476,08 - Relationships,be on speaking terms,/bi ɔn ˈspiːˌkiŋ tərmz/,dictionary+eng_to_ipa
4ef32af7-eac7-4cf3-a840-e4ec78cb1e39,08 - Relationships,blow one's mind,/bloʊ wənz maɪnd/,eng_to_ipa
1fbd9a17-4fac-4930-8440-1fd23edd3159,08 - Relationships,break one's heart,/breɪk wənz hɑːt/,dictionary+eng_to_ipa
3a21d53f-7b74-4878-93df-d9d21b21b031,08 - Relationships,break the ice,/breɪk ðə aɪs/,eng_to_ipa+fixed_function
870a07b5-ac62-4ad4-95ea-7b98477f9250,08 - Relationships,clear the air,/klɪr ðə ˈɛə/,dictionary+eng_to_ipa+fixed_function
b2fac3df-ed1d-444a-8fd9-d6b0a16e3caa,08 - Relationships,fly the nest,/flaɪ ðə nɛst/,eng_to_ipa+fixed_function
1995798e-5960-42a3-9b1f-d7bd21041006,08 - Relationships,hold out an olive branch,/hoʊld aʊt ən ˈɑlɪv bɹæntʃ/,dictionary+eng_to_ipa+fixed_function
027ea1a8-1072-41e9-b87f-2867e88f96fe,08 - Relationships,hold offer an olive branch,/hoʊld ˈɔfər ən ˈɑlɪv bɹæntʃ/,dictionary+eng_to_ipa+fixed_function
88e42cac-ed23-4e8c-92dc-b9e8dea866a8,08 - Relationships,lend a sympathetic ear to sb,/lɛnd ə ˌsɪmpəˈθɛtɪk ɪə̯ tə ˈsəmˌbɑdi/,dictionary+eng_to_ipa+fixed_function
5c56d581-4a88-43ab-9412-381ad666f9a3,08 - Relationships,sympathize with sb,/ˈsɪmpəˌθaɪz wɪθ ˈsəmˌbɑdi/,eng_to_ipa
29b10b37-c4f7-4fa0-8d62-1a32b9e17ebb,08 - Relationships,lose one's temper,/luz wənz ˈtɛmpər/,eng_to_ipa
406bcfcf-a52b-4fe7-8cd6-e135f36cb930,08 - Relationships,nearest and dearest,/ˈnɪrəst ən ˈdɪrəst/,eng_to_ipa+fixed_function
ef582325-50b6-4d4c-8533-619b10cb0fa5,08 - Relationships,old flame,/oʊld fleɪm/,eng_to_ipa
d441a572-7deb-4215-b402-a3c1fbc44106,08 - Relationships,pick a fight with sb,/pɪk ə faɪt wɪθ ˈsəmˌbɑdi/,eng_to_ipa+fixed_function
a1e20ad3-ba58-4379-89bd-c84c74dc52d5,08 - Relationships,pick an argument with sb,/pɪk ən ˈɑrgjəmənt wɪθ ˈsəmˌbɑdi/,eng_to_ipa+fixed_function
5ec04350-9998-4ee3-b11b-dbc257730175,08 - Relationships,pick a quarrel with sb,/pɪk ə kˈwɔrəl wɪθ ˈsəmˌbɑdi/,eng_to_ipa+fixed_function
0cb71e42-62a0-4e3a-aeb9-4ce93053885a,08 - Relationships,pour one's heart out,/pɔr wənz hɑːt aʊt/,dictionary+eng_to_ipa
db1e1f65-502f-4fa3-901f-3330e8cbcd1c,08 - Relationships,read between the lines,/rɛd bɪtˈwin ðə laɪnz/,eng_to_ipa+fixed_function
b1aa0e0c-1560-4d9e-bc9b-41f593301458,08 - Relationships,see eye to eye(with sb),/si aɪ tə aɪ wɪθ ˈsəmˌbɑdi/,eng_to_ipa+fixed_function
ecdf53d2-2eb3-4b17-a6fa-421ff66c0f4b,08 - Relationships,through thick and thin,/θru θɪk ən θɪn/,eng_to_ipa+fixed_function
78f8d6d0-05ce-4ac4-b015-d91d909c9260,08 - Relationships,A friend in need is a friend indeed,/ə fɹɛnd ɪn nid ɪz ə fɹɛnd ˌɪnˈdid/,dictionary+eng_to_ipa+fixed_function
7816eab5-7248-4f59-bc3b-6bfadf382485,08 - Relationships,be (talking)at cross purposes,/bi ˈtɔkɪŋ ət krɔs ˈpərpəsɪz/,eng_to_ipa+fixed_function
37b26ce8-41de-4ae8-a175-a175be13f68f,08 - Relationships,be at loggerheads,/bi ət ˈlɑgərˌhɛdz/,eng_to_ipa+fixed_function
18a4b194-175a-4dc8-9727-e16cd0c9f504,08 - Relationships,be at odds with sb,/bi ət ɑdz wɪθ ˈsəmˌbɑdi/,eng_to_ipa+fixed_function
3fba780c-e596-4a98-aebf-e0f75c2d0860,08 - Relationships,be made for each other,/bi meɪd fə iːt͡ʃ ˈɐðə/,dictionary+eng_to_ipa+fixed_function
f9811382-02fc-411b-b195-1b05d0ac4177,08 - Relationships,carry a torch for sb,/ˈkɛri ə tɔrʧ fə ˈsəmˌbɑdi/,eng_to_ipa+fixed_function
35ab8c18-fe19-4e8d-b171-8fe90e36f3be,08 - Relationships,get cold feet,/gɪt koʊld fit/,eng_to_ipa
3139b425-5768-48a3-a7d8-20cb9da6108a,08 - Relationships,get on like a house on fire,/gɪt ɔn laɪk ə haʊs ɔn ˈfɑeə(ɹ)/,dictionary+eng_to_ipa+fixed_function
006ad25c-bc91-46f5-ae7d-bfcd9793d04e,08 - Relationships,give sb the cold shoulder,/gɪv ˈsəmˌbɑdi ðə koʊld ˈʃoʊldər/,eng_to_ipa+fixed_function
3c3d7e0e-018e-4431-b1a1-6d8b3a581991,08 - Relationships,go Dutch,/goʊ dəʧ/,eng_to_ipa
606497fb-0c69-4a45-82a9-9d5e53791db7,08 - Relationships,have a soft spot for sb,/hæv ə sɔft spɑt fə ˈsəmˌbɑdi/,eng_to_ipa+fixed_function
4f2830c4-731d-4e59-9b5e-7fb46e6d059c,08 - Relationships,have eyes only for sb,/hæv aɪz ˈoʊnli fə ˈsəmˌbɑdi/,eng_to_ipa+fixed_function
a35799af-9d91-4bc6-8ffb-4eae0bd89af2,08 - Relationships,have it in for sb,/hæv ɪt ɪn fə ˈsəmˌbɑdi/,eng_to_ipa+fixed_function
189ba28d-f483-4633-a293-233c2b8aa35e,08 - Relationships,keep sb at bay,/kiːp ˈsəmˌbɑdi ət beɪ/,dictionary+eng_to_ipa+fixed_function
eb415dfb-77ba-4117-838b-afedca5520b0,08 - Relationships,keep sth at bay,/kiːp ˈsamθɪŋ ət beɪ/,dictionary+eng_to_ipa+fixed_function
910e4699-3d93-4d05-b4cd-3b8e4e4b3e0e,08 - Relationships,keep yourself to yourself,/kiːp ˈjɔrsɛlf tə ˈjɔrsɛlf/,dictionary+eng_to_ipa+fixed_function
61e81a00-c5fb-4bad-a904-2c6f558196e9,08 - Relationships,put sth in(to)perspective,/pʊt ˈsamθɪŋ ɪn tə pərˈspɛktɪv/,dictionary+eng_to_ipa+fixed_function
789cc5a5-f8cc-40d2-95d6-5cb0696a0745,08 - Relationships,sweep sb off their feet,/swip ˈsəmˌbɑdi ɔf ðɛr fit/,eng_to_ipa
54597fc7-4f43-4414-9647-5289a66fa4e2,08 - Relationships,take a shine to sb,/teɪk ə ʃaɪn tə ˈsəmˌbɑdi/,dictionary+eng_to_ipa+fixed_function
5aeb0890-161d-4e90-9344-0acd3fc7b86a,08 - Relationships,add fuel to the fire,/æd ˈfjuːl tə ðə ˈfɑeə(ɹ)/,dictionary+fixed_function
2e8be132-6c65-4a69-85b2-bb29572ac34e,08 - Relationships,at each other's throats,/ət iːt͡ʃ ˈəðərz θroʊts/,dictionary+eng_to_ipa+fixed_function
9f5b823d-657c-43ea-81cb-9fea3536ad10,08 - Relationships,be joined at the hip,/bi ʤɔɪnd ət ðə hɪp/,dictionary+eng_to_ipa+fixed_function
9d3ff0f9-3d7c-4009-8a65-e08db48a3bcc,08 - Relationships,be thick as thieves,/bi θɪk əz θivz/,eng_to_ipa+fixed_function
44d6cebe-4c0b-41ad-b85b-0ff5b519b722,08 - Relationships,birds of a feather flock together,/bɜːdz əv ə ˈfɛð.ə(ɹ) flɒk təˈgɛðər/,dictionary+eng_to_ipa+fixed_function
2990b9a1-9ce1-40ae-ae63-50b0640cc229,08 - Relationships,bite one's tongue,/bʌɪt wənz tʌŋ/,dictionary+eng_to_ipa
f3e2d0d6-0800-4496-8181-1a9e5b940a46,08 - Relationships,get on one's nerves,/gɪt ɔn wənz nɛɾvz/,dictionary+eng_to_ipa
ed997d72-8bfd-44b5-9c01-bec2fa293cbf,08 - Relationships,give sb the benefit of the doubt,/gɪv ˈsəmˌbɑdi ðə ˈbɛn.ɪ.fɪt əv ðə daʊt/,dictionary+eng_to_ipa+fixed_function
f96a5f40-0807-4c33-99f7-50fc586bd539,08 - Relationships,have a bone to pick with sb,/hæv ə bəʉn tə pɪk wɪθ ˈsəmˌbɑdi/,dictionary+eng_to_ipa+fixed_function
5daf3901-23f2-4a4b-9259-b8c9b56d58e5,08 - Relationships,have one's back,/hæv wənz bæk/,eng_to_ipa
55a9ad1e-26a9-4eca-9299-70d2f83e6e29,08 - Relationships,have skeletons in the closet,/hæv ˈskɛlətənz ɪn ðə ˈklɒzɪt/,dictionary+eng_to_ipa+fixed_function
632b4f0d-75e4-4158-a882-5b84a5c4b878,08 - Relationships,see things in a new light,/si θɪŋz ɪn ə nu laɪt/,dictionary+eng_to_ipa+fixed_function
27a2ac48-8d94-4fcd-8372-3af2645986fc,08 - Relationships,stab sb in the back,/stæb ˈsəmˌbɑdi ɪn ðə bæk/,dictionary+eng_to_ipa+fixed_function
b33b16db-2fad-44fd-8f88-0a282b0d29e7,08 - Relationships,stick by sb,/stɪk baɪ ˈsəmˌbɑdi/,dictionary+eng_to_ipa
d82416c4-e849-4c80-9ad9-60602516de03,08 - Relationships,storm out,/stɔrm aʊt/,eng_to_ipa
cd466b72-b78b-4165-8b38-0d17bdd7ba86,08 - Relationships,sweep sth under the rug,/swip ˈsamθɪŋ ˈəndər ðə ɹʌɡ/,dictionary+eng_to_ipa+fixed_function
c3099d21-83a3-4415-80ff-e94a53d75846,08 - Relationships,trust sb with one's life,/trʊst ˈsəmˌbɑdi wɪθ wənz laɪf/,dictionary+eng_to_ipa
9e2aecfc-5981-419b-8b8f-373b2a2288b4,08 - Relationships,turn one's back on sb,/tərn wənz bæk ɔn ˈsəmˌbɑdi/,eng_to_ipa
33ff6d15-32ec-4ea7-90dd-527e7f2f848a,08 - Relationships,turn the other cheek,/tərn ðə ˈɐðə tʃiːk/,dictionary+eng_to_ipa+fixed_function
b6599941-7086-4c39-ac51-f00887be08c0,08 - Relationships,wear one's heart on one's sleeve,/wɛr wənz hɑːt ɔn wənz sliːv/,dictionary+eng_to_ipa
78fc9605-7fb7-4f84-8658-1bac95f4e3eb,08 - Relationships,be on the same wavelength,/bi ɔn ðə seɪm ˈweɪvlɛŋ(k)θ/,dictionary+eng_to_ipa+fixed_function
0d4a5b99-0a9d-4e90-aa50-def8032de461,08 - Relationships,beat around the bush,/biːt əraʊnd ðə bʊʃ/,dictionary+eng_to_ipa+fixed_function
d9337e45-5b65-4438-9c4a-9675784b8d90,08 - Relationships,beat about the bush,/biːt əˈbaʊt ðə bʊʃ/,dictionary+eng_to_ipa+fixed_function
d9b223e3-a79c-42e3-bb40-93f2281ea5d0,08 - Relationships,bury one's differences,/ˈbɛri wənz ˈdɪfɹənsɪz/,dictionary+eng_to_ipa
96fb6ad1-5729-46ab-8eb0-4970a599b719,08 - Relationships,call a spade a spade,/kɔl ə speɪd ə speɪd/,dictionary+eng_to_ipa+fixed_function
b2bf4e58-b3fe-48f1-87fc-e9f173af7b24,08 - Relationships,cry one's eyes out,/kraɪ wənz aɪz aʊt/,eng_to_ipa
56b52037-e97e-4bcb-9fe2-f2da5b768872,08 - Relationships,drop a hint,/dɹɒp ə hɪnt/,dictionary+eng_to_ipa+fixed_function
5899a9e1-6bc8-4f69-8529-204ed1fc2346,08 - Relationships,get something off one's chest,/gɪt ˈsamθɪŋ ɔf wənz ʧɛst/,dictionary+eng_to_ipa
316f1053-324c-4329-bb8e-c16045d20c4e,08 - Relationships,get straight to the point,/gɪt streɪt tə ðə pɔɪnt/,dictionary+eng_to_ipa+fixed_function
b70b005a-0d89-4270-9864-852da7c0630b,08 - Relationships,get the wrong end of the stick,/gɪt ðə rɔŋ ɛnd əv ðə stɪk/,dictionary+eng_to_ipa+fixed_function
05c4616f-aebb-4b1c-8604-9f812aacc5ab,08 - Relationships,go separate ways,/goʊ ˈsɛpərˌeɪt weɪz/,eng_to_ipa
3f52c440-4847-4ae4-acbd-78042318be07,08 - Relationships,have confidence in sb,/hæv ˈkɑnfədɛns ɪn ˈsəmˌbɑdi/,eng_to_ipa
7974f6a6-0ec7-4a9f-b15d-59313bef8998,08 - Relationships,hear it on the grapevine,/hir ɪt ɔn ðə ˈgreɪpˌvaɪn/,eng_to_ipa+fixed_function
3a644c12-8a70-481e-b06a-054498217d04,08 - Relationships,in black and white,/ɪn blæk ən waɪt/,eng_to_ipa+fixed_function
cd7bd672-d95a-4a1b-bf7b-a289592cdc40,08 - Relationships,put in a good word for sb,/pʊt ɪn ə gʊd wərd fə ˈsəmˌbɑdi/,eng_to_ipa+fixed_function
73b5e371-c1a5-4f31-993c-b86c4c6cc99a,08 - Relationships,put sb on a pedestal,/pʊt ˈsəmˌbɑdi ɔn ə ˈpɛdəstəl/,eng_to_ipa+fixed_function
64503a06-b9fc-4665-99a9-8bfa05b25e14,08 - Relationships,put words into sb's mouth,/pʊt wɜːdz ˈɪntu ˈsəmˌbɑdiz maʊθ/,dictionary+eng_to_ipa
eabe4369-0e88-4b78-8746-4c77f0faef98,08 - Relationships,spill the beans,/spɪl ðə binz/,eng_to_ipa+fixed_function
fb6372b4-52c2-4b72-813d-ce63a344193b,08 - Relationships,stick to one's guns,/stɪk tə wənz gənz/,dictionary+eng_to_ipa+fixed_function
98cadc5b-6510-4d65-9a12-b080331fdd09,08 - Relationships,talk behind someone's back,/tɔk bɪˈhaɪnd ˈsəmˌwənz bæk/,eng_to_ipa
03c7bb41-151a-4653-9881-8d3d362df9e9,08 - Relationships,be heartbroken,/bi ˈhɑrtˌbroʊkən/,eng_to_ipa
a445991c-fb8d-4932-87fe-347ef9915bd3,08 - Relationships,be let down,/bi lɛt daʊn/,eng_to_ipa
26b4d50f-d93e-41ff-bd50-d79ddd555f04,08 - Relationships,be seeing sb,/bi siɪŋ ˈsəmˌbɑdi/,eng_to_ipa
41a5bfbf-c0a7-4210-8bff-da664911eeb8,08 - Relationships,blow hot and cold,/bloʊ hɑt ən koʊld/,eng_to_ipa+fixed_function
438a19f8-4116-4063-baee-41433fe71624,08 - Relationships,break the news(to sb),/breɪk ðə nuz tə ˈsəmˌbɑdi/,eng_to_ipa+fixed_function
a0aff2cb-1e68-4118-9d71-37c784611b3c,08 - Relationships,burn bridges,/bərn ˈbɹɪdʒɪz/,dictionary+eng_to_ipa
b413905c-3866-4adb-95d4-b800ca8c693d,08 - Relationships,cry over spilt milk,/kraɪ ˈoʊvər spɪlt mɪlk/,eng_to_ipa
f19db5bc-a3ce-4b97-962f-30d6fe9a81d7,08 - Relationships,get off on the wrong foot,/gɪt ɔf ɔn ðə rɔŋ fʊt/,eng_to_ipa+fixed_function
e68cc0ce-07a3-4292-ae2b-170ec159d7fe,08 - Relationships,go steady(with sb),/goʊ ˈstɛdi wɪθ ˈsəmˌbɑdi/,eng_to_ipa
b5d76846-3da1-4cf5-91c8-dd84e85e27a2,08 - Relationships,hang out with sb,/hæŋ aʊt wɪθ ˈsəmˌbɑdi/,eng_to_ipa
184b9b1b-99f6-46f9-8b22-d19859824c55,08 - Relationships,hit a nerve,/hɪt ə nərv/,eng_to_ipa+fixed_function
919986d6-6a1b-4c93-aa27-b43450f7bc5b,08 - Relationships,hit rock bottom,/hɪt rɑk ˈbɑtəm/,eng_to_ipa
37a991f7-3ee6-436d-ad72-53b2b9bcae18,08 - Relationships,hit the jackpot (in love),/hɪt ðə ˈʤækˌpɑt ɪn lʊv/,dictionary+eng_to_ipa+fixed_function
b305eb4c-6500-444d-b052-1f076fffc233,08 - Relationships,hit the town(with friends),/hɪt ðə taʊn wɪθ fɹɛn(d)z/,dictionary+eng_to_ipa+fixed_function
76769f41-2788-47ab-8dfd-7dfdf698f745,08 - Relationships,make small talk,/meɪk smɔl tɔk/,dictionary+eng_to_ipa
28d893aa-be64-41b0-9898-a964fa37f7b2,08 - Relationships,pick up the pieces,/pɪk əp ðə ˈpisɪz/,eng_to_ipa+fixed_function
eebd7c5b-2fc4-4ee7-840f-3fbda6b90488,08 - Relationships,play hard to get,/pleɪ hɑrd tə gɪt/,eng_to_ipa+fixed_function
169a4646-e763-459d-be9a-bcd323076ff8,08 - Relationships,rub salt in the wound,/ɹʌb sɔlt ɪn ðə wund/,dictionary+eng_to_ipa+fixed_function
262e7a55-b336-48b0-ab67-4cbb72afdce1,08 - Relationships,run with the wrong crowd,/rən wɪθ ðə rɔŋ kraʊd/,eng_to_ipa+fixed_function
456fcb08-dafa-4695-90f1-f38a081318bd,08 - Relationships,walk on eggshells(around sb),/wɔk ɔn ˈɛgˌʃɛlz əraʊnd ˈsəmˌbɑdi/,eng_to_ipa
89a1b979-0302-45da-b09e-ddc01fac6250,09 - Social Issues,a force for change,/ə fɔrs fə ʧeɪnʤ/,eng_to_ipa+fixed_function
c37ca41b-af1e-4c53-83b7-67b211eba995,09 - Social Issues,a force for good,/ə fɔrs fə gʊd/,eng_to_ipa+fixed_function
14b1572b-e2ae-4cee-a1ee-8f063b3095dd,09 - Social Issues,address the issues,/ˈæˌdrɛs ðə ˈɪʃuz/,eng_to_ipa+fixed_function
8ea3aec5-1b61-4e66-ac97-f868bd662c0e,09 - Social Issues,affordable housing,/əˈfɔrdəbəl ˈhaʊzɪŋ/,eng_to_ipa
ceb0aa3a-db44-4b56-872f-ec7a60f9c340,09 - Social Issues,break the cycle,/breɪk ðə ˈsaɪkəl/,eng_to_ipa+fixed_function
c7d07fae-3333-470e-ae19-52dd9719e1c4,09 - Social Issues,claim benefits,/kleɪm ˈbɛnəfɪts/,dictionary+eng_to_ipa
b547da3f-18a0-439f-873e-e00481fd7a89,09 - Social Issues,draconian measure,/drəˈkoʊniən ˈmɛʒər/,eng_to_ipa
c45460c7-378a-42e3-80fa-1ff3595e8f9b,09 - Social Issues,dysfunctional families,/dɪsˈfəŋkʃənəl ˈfæməliz/,eng_to_ipa
14fe9bdb-4f54-4812-93a6-55611faeba34,09 - Social Issues,fresh drive,/fɹɛʃ dɹaɪv/,dictionary
227cc7bf-d660-4925-98af-fb7eac2a223c,09 - Social Issues,incite violence,/ɪnˈsaɪt ˈvaɪələns/,dictionary+eng_to_ipa
8d78307d-0184-4b64-a5ac-c2a8a175fd41,09 - Social Issues,introduce neighborhood watch schemes,/ˌɪntɹəˈdjuːs ˈneɪbə.hʊd wɒt͡ʃ skiːmz/,dictionary
9e014d4f-393a-4eb1-a2d7-a0eb6459f622,09 - Social Issues,low-income families,/ˌloʊˈɪnkəm ˈfæməliz/,eng_to_ipa
bc42abf8-dd10-4186-93ca-f2eee039766a,09 - Social Issues,make a plea,/meɪk ə pliː/,dictionary+fixed_function
2dc57456-aabf-4cfe-b77e-0304ed208f7b,09 - Social Issues,novel solution,/ˈnɒvl̩ səˈl(j)uːʃən/,dictionary
e6a35341-f6fd-44d8-bf6a-0dde451f6e64,09 - Social Issues,poor sanitary condition,/poː ˈsænɪˌtɛri kənˈdɪʃən/,dictionary+eng_to_ipa
c5c6da9d-a6cd-42cd-bcfb-93fec55dcaae,09 - Social Issues,provide relief,/pɹəˈvaɪd ɹɪˈliːf/,dictionary
7342af4f-7b60-4cd6-955e-d753a846ef37,09 - Social Issues,provide shelter,/pɹəˈvaɪd ˈʃɛltə/,dictionary
a21526c7-cf32-4fa9-a02c-a0ee9852b3e0,09 - Social Issues,public disorder,/ˈpʌblɪk dɪsˈɔːdə(ɹ)/,dictionary
9e285906-dd51-4c5a-a8c8-c18ce1b66aa8,09 - Social Issues,run-down areas,/ˈrənˈdaʊn ˈɛriəz/,eng_to_ipa
a0f5f775-6ad8-4e45-960f-4a531c5fb760,09 - Social Issues,underage drinking,/ˌʌndəɹˈeɪdʒ ˈdrɪŋkɪŋ/,dictionary+eng_to_ipa
cb4b20ab-461e-4568-a01b-05cd2a654342,09 - Social Issues,unfit for human habitation,/ənˈfɪt fə ˈjumən ˌhæbəˈteɪʃən/,eng_to_ipa+fixed_function
b82d8794-9890-4f2d-97e7-649835d7378b,09 - Social Issues,alleviate poverty,/əˈliviˌeɪt ˈpɑvərti/,eng_to_ipa
e2daa8ce-7e4f-487c-9776-7bffb7c49e88,09 - Social Issues,below the poverty line,/bɪˈloʊ ðə ˈpɑvərti laɪn/,eng_to_ipa+fixed_function
0293f803-35ad-4541-a781-afb680616307,09 - Social Issues,child labor,/ʧaɪld ˈleɪbər/,eng_to_ipa
46d11841-5c13-42dd-a01e-2e2208c5c249,09 - Social Issues,death toll,/dɛθ toʊl/,dictionary+eng_to_ipa
0f0a57e7-dc21-45e0-8711-b87afef3d876,09 - Social Issues,deprived regions,/dɪˈpraɪvd ˈriʤənz/,eng_to_ipa
15c2ca32-35e9-4fa9-8e58-635bcdaa01e9,09 - Social Issues,deprived areas,/dɪˈpraɪvd ˈɛriəz/,eng_to_ipa
71f5bf8c-7884-4b86-9405-0eca7f8e818f,09 - Social Issues,die of famine,/daɪ əv ˈfæmən/,eng_to_ipa+fixed_function
cb08aa70-6f19-4352-b77a-b33d18a94434,09 - Social Issues,escape poverty,/ɪˈskeɪp ˈpɑvərti/,eng_to_ipa
5c05b002-b477-4219-875f-804f784b6697,09 - Social Issues,flood warning,/fləd ˈwɔrnɪŋ/,eng_to_ipa
610bdb1f-bc77-4b0e-aff1-63385b39e1da,09 - Social Issues,in desperate need,/ɪn ˈdɛspərɪt nid/,eng_to_ipa
088b61e7-bd32-48c5-b315-f047d667d8a1,09 - Social Issues,margins of society,/ˈmɑrʤənz əv soʊˈsaɪɪti/,eng_to_ipa+fixed_function
f6048f66-c60d-4fe4-8128-3a5ff3823a45,09 - Social Issues,political asylum,/pəˈlɪtɪkəl əˈsaɪləm/,eng_to_ipa
efda4d6c-cb48-4aba-9632-23ef57163a64,09 - Social Issues,sexual abuse,/ˈsɛkʃuəl əˈbjuːs/,dictionary+eng_to_ipa
bca11359-de62-4149-b45a-11e96f1d912a,09 - Social Issues,sexual violence,/ˈsɛkʃuəl ˈvaɪələns/,eng_to_ipa
c8269a9b-7243-4499-96da-bd0a199d4c99,09 - Social Issues,sexual assault,/ˈsɛkʃuəl əˈsɔlt/,eng_to_ipa
9d9097fe-2298-445c-b65d-f158746d719a,09 - Social Issues,sleep rough,/sliːp rəf/,dictionary+eng_to_ipa
2983cfc5-03ad-4e4d-927e-aa3d810487f1,09 - Social Issues,street children,/strit ˈʧɪldrən/,eng_to_ipa
1a2e6084-7702-402e-b4f4-8c250e158570,09 - Social Issues,the social fabric,/ðə ˈsoʊʃəl ˈfæbrɪk/,eng_to_ipa+fixed_function
9f6b8137-c034-470b-a4ae-770fe1966625,09 - Social Issues,widening gulf,/ˈwaɪdənɪŋ gəlf/,eng_to_ipa
3177496d-4d86-436d-b0f3-17a2f1795962,09 - Social Issues,widespread famine,/ˈwaɪdˈsprɛd ˈfæmən/,eng_to_ipa
585d3a6e-210f-41a4-a55b-a86b9023a11c,09 - Social Issues,at rock bottom,/ət rɑk ˈbɑtəm/,eng_to_ipa+fixed_function
18463cd1-4c4a-4283-b839-20d912835275,09 - Social Issues,breeding ground,/ˈbridɪŋ graʊnd/,eng_to_ipa
51f2f5d5-374f-42ee-a367-b01e76a0517b,09 - Social Issues,bring something to light,/brɪŋ ˈsamθɪŋ tə laɪt/,dictionary+eng_to_ipa+fixed_function
2383ae52-0eaa-4989-89a8-95fe13e4a267,09 - Social Issues,for the common good,/fə ðə ˈkɒmən gʊd/,dictionary+eng_to_ipa+fixed_function
5d39db43-c4d9-49b3-9dba-2906fb1e4f61,09 - Social Issues,give voice to something,/gɪv vɔɪs tə ˈsamθɪŋ/,dictionary+eng_to_ipa+fixed_function
e78d6c9f-329a-44f0-aeba-10ba5178fb28,09 - Social Issues,live on the streets,/lɪv ɔn ðə strits/,eng_to_ipa+fixed_function
bad41c74-df6f-4c0d-90e7-eb4c08ec5469,09 - Social Issues,movers and shakers,/ˈmuvərz ən ˈʃeɪkərz/,eng_to_ipa+fixed_function
ff5b100d-78d5-4d66-8907-aa1133d3d9f0,09 - Social Issues,nip something in the bud,/nɪp ˈsamθɪŋ ɪn ðə bəd/,dictionary+eng_to_ipa+fixed_function
fa3a2408-0cae-44e1-9721-2c13ff39fc15,09 - Social Issues,paper over the cracks,/ˈpeɪpə ˈoʊvər ðə kræks/,dictionary+eng_to_ipa+fixed_function
fb3e4877-57bb-46cc-a8a0-71f96f8139de,09 - Social Issues,pay lip service to,/peɪ lɪp ˈsərvɪs tə/,dictionary+eng_to_ipa+fixed_function
923bfcde-82f2-48d0-b0f4-c35cd9262bde,09 - Social Issues,pull the strings,/pʊl ðə strɪŋz/,dictionary+eng_to_ipa+fixed_function
7b86d38b-4fc6-4639-a969-04502ca648b6,09 - Social Issues,rule something with an iron hand,/rul ˈsamθɪŋ wɪθ ən aɪərn hænd/,dictionary+eng_to_ipa+fixed_function
4e3aa1c5-ce9f-4c21-81b9-7b1c7b41202e,09 - Social Issues,rule something with an iron fist,/rul ˈsamθɪŋ wɪθ ən aɪərn fɪst/,dictionary+eng_to_ipa+fixed_function
8a25375b-e98c-4cc4-9c47-f9142b2d2400,09 - Social Issues,social safety net,/ˈsoʊʃəl ˈseɪfti nɛt/,eng_to_ipa
84563ba1-5b03-4952-8df5-d891cf942da6,09 - Social Issues,financial safety net,/ˌfaɪˈnænʃəl ˈseɪfti nɛt/,eng_to_ipa
020bbbce-ec53-4be0-bda4-b7862e6c8ef3,09 - Social Issues,sweep something under the carpet,/swip ˈsamθɪŋ ˈəndər ðə ˈkɑrpət/,dictionary+eng_to_ipa+fixed_function
f516fcc9-da81-4c41-b4cd-02981a9a71d8,09 - Social Issues,sweep something under the rug,/swip ˈsamθɪŋ ˈəndər ðə ɹʌɡ/,dictionary+eng_to_ipa+fixed_function
fbc5e8a8-238d-43ac-9975-e76979f72070,09 - Social Issues,the grassroots,/ðə ˈgræsˈruts/,eng_to_ipa+fixed_function
af4a5d41-4b9b-46e4-a348-9de8dce8b975,09 - Social Issues,the silent majority,/ðə ˈsaɪlənt məˈʤɔrəti/,eng_to_ipa+fixed_function
36af3e57-74b1-453e-8fd3-eec95d385385,09 - Social Issues,the tip of the iceberg,/ðə tɪp əv ðə ˈaɪsbərg/,eng_to_ipa+fixed_function
0003e818-23ad-4801-8018-b26c9a3ffdad,09 - Social Issues,the wrong side of the tracks,/ðə rɔŋ saɪd əv ðə træks/,eng_to_ipa+fixed_function
1974b962-2e71-48e2-a052-22685c4754e0,09 - Social Issues,the other side of the tracks,/ðə ˈɐðə saɪd əv ðə træks/,dictionary+eng_to_ipa+fixed_function
a698eca9-37d6-47e9-8074-5f128cfde80d,10 - Agree and Disagree,agree wholeheartedly,/əˈgri ˌhəʊlˈhɑː(ɹ)t.ədli/,dictionary+eng_to_ipa
1e15f811-33f1-4064-b1a6-54e60dfa5e51,10 - Agree and Disagree,arouse controversy,/əraʊz ˈkɑntɹəˌvɝsi/,dictionary+eng_to_ipa
f18168e1-6dac-4881-bb92-fc48f3f046f7,10 - Agree and Disagree,cause controversy,/kɔz ˈkɑntɹəˌvɝsi/,dictionary+eng_to_ipa
b6158fc4-a6f6-45a1-b561-913b7c0636b3,10 - Agree and Disagree,arrive at,/əraɪv ət/,eng_to_ipa+fixed_function
651de679-d2f0-4673-9ba6-bceea5c54664,10 - Agree and Disagree,reach a compromise,/riʧ ə ˈkɑmprəˌmaɪz/,eng_to_ipa+fixed_function
75a39b84-a815-4b1c-aba7-ec4913581a24,09 - Social Issues,wake-up call,/ˈweɪˌkəp kɔl/,eng_to_ipa
9be3c0fb-54dc-4a96-8fd4-cb6917ff9575,10 - Agree and Disagree,come to,/kəm tə/,eng_to_ipa+fixed_function
06488e92-80b5-4fa5-9e88-614e81242c82,10 - Agree and Disagree,reach an agreement,/riʧ ən əˈɡɹiːmənt/,dictionary+eng_to_ipa+fixed_function
76ecda02-fcdb-405a-b592-38d5b044b032,10 - Agree and Disagree,bitter dispute,/ˈbɪtər dɪˈspjut/,eng_to_ipa
26ce8ad3-8ccc-4b67-a61e-82a17532713c,10 - Agree and Disagree,go along with one's view,/goʊ əˈlɑŋ wɪθ wənz vjuː/,dictionary+eng_to_ipa
8fbc1e2f-affe-4192-935b-650a1c87350f,10 - Agree and Disagree,have an argument,/hæv ən ˈɑrgjəmənt/,eng_to_ipa+fixed_function
faf0f0f7-585d-45f0-8176-5acaa8007c79,10 - Agree and Disagree,heated argument,/ˈhiːtɪd ˈɑrgjəmənt/,dictionary+eng_to_ipa
79a90e35-8db6-40af-bfc4-1814ec3fa5f4,03 - Starting and Finishing,a lull in the conversation,/ə lʌl ɪn ðə ˌkɒn.vəˈseɪ.ʃən/,dictionary+eng_to_ipa+fixed_function
29b4a4da-923e-4b7c-b4ed-e357e95a6554,11 - Praise and Criticism,heap praise on sb,/heːp pɹeɪz ɔn ˈsəmˌbɑdi/,dictionary+eng_to_ipa
51ffdb33-d166-4126-a9aa-02c6b33eadec,11 - Praise and Criticism,shower praise on sb,/ˈʃaʊ.ə(ɹ) pɹeɪz ɔn ˈsəmˌbɑdi/,dictionary+eng_to_ipa
533d06f9-773f-421b-b2fb-7dc0475230b0,11 - Praise and Criticism,lavish praise on sb,/ˈlævɪʃ pɹeɪz ɔn ˈsəmˌbɑdi/,dictionary+eng_to_ipa
af7a36b2-ecb8-411c-bcdc-17d377c7e954,11 - Praise and Criticism,offer one's congratulations to sb,/ˈɔfər wənz kənˌɡɹad͡ʒəˈleɪʃ(ə)nz tə ˈsəmˌbɑdi/,dictionary+eng_to_ipa+fixed_function
7cdab0b3-f6f6-4443-be49-6d368a9cda6e,11 - Praise and Criticism,send one's congratulations to sb,/sɛnd wənz kənˌɡɹad͡ʒəˈleɪʃ(ə)nz tə ˈsəmˌbɑdi/,dictionary+eng_to_ipa+fixed_function
39ee3a00-a277-42f6-8358-6355ea60367a,11 - Praise and Criticism,rave review,/ɹeɪv ɹɪˈvjuː/,dictionary
9b9ec7ea-cfad-4a46-8d5f-923de7ffdca8,11 - Praise and Criticism,receive a standing ovation,/ɹɪˈsiːv ə ˈstændɪŋ ə(ʊ)ˈveɪʃn/,dictionary+fixed_function
cef632dc-d3b1-428a-a4b0-c7f3f120d57a,11 - Praise and Criticism,richly deserved,/ˈɹɪt͡ʃli dɪˈzɜːvd/,dictionary
e7b4b787-356b-4453-bf3f-00c38dfeed23,11 - Praise and Criticism,speak well of somebody,/spiːk wɛl əv ˈsəmˌbɑdi/,dictionary+eng_to_ipa+fixed_function
19c23bd0-53e4-4047-8ffd-df2f09bcf3d8,11 - Praise and Criticism,speak highly of somebody,/spiːk ˈhaɪli əv ˈsəmˌbɑdi/,dictionary+eng_to_ipa+fixed_function
3702b296-8005-4b4b-94bc-6fecf237470c,11 - Praise and Criticism,thunderous applause,/ˈθʌn.dəɹ.əs əˈplɔːz/,dictionary
e0050eaf-e4e1-4d2d-a837-157168015fc5,11 - Praise and Criticism,widespread criticism,/ˈwaɪdˈsprɛd ˈkɹɪtɪsɪzəm/,dictionary+eng_to_ipa
987a7a41-461b-44ad-85af-bbae5940432d,11 - Praise and Criticism,win high praise,/wɪn haɪ pɹeɪz/,dictionary+eng_to_ipa
aa7d780d-cd5b-4d3a-a11b-3d991ea962d1,11 - Praise and Criticism,a barrage of criticism,/ə ˈbæɹɑːʒ əv ˈkɹɪtɪsɪzəm/,dictionary+fixed_function
64e2a214-69e6-4ebc-9150-63d70f015932,11 - Praise and Criticism,attract criticism,/əˈtrækt ˈkɹɪtɪsɪzəm/,dictionary+eng_to_ipa
dcb02f74-d86e-490b-8a20-9f24971f042b,11 - Praise and Criticism,be widely condemned,/bi ˈwaɪdli kənˈdɛmd/,dictionary+eng_to_ipa
c6090ed4-485e-4ac3-a918-8bd75e6a4556,11 - Praise and Criticism,come in for(a lot of)criticism,/kəm ɪn fə ə lɒt əv ˈkɹɪtɪsɪzəm/,dictionary+eng_to_ipa+fixed_function
745726b1-cb78-4bb1-ba7a-5a60f86329b7,11 - Praise and Criticism,constructive criticism,/kənˈstɹʌktɪv ˈkɹɪtɪsɪzəm/,dictionary
c1298ac7-0abe-4cab-bd58-679ebcdb0d64,11 - Praise and Criticism,criticisms levelled at(),/ˈkrɪtɪˌsɪzəmz ˈlɛvəld ət/,eng_to_ipa+fixed_function
9030d60d-b747-4c19-aeaa-775a17e91d89,11 - Praise and Criticism,aimed at)sb,/eɪmd ət ˈsəmˌbɑdi/,dictionary+eng_to_ipa+fixed_function
bd37d2eb-223b-4d8a-a69d-ffb9470e30c9,11 - Praise and Criticism,face a backlash,/feɪs ə ˈbækˌlæʃ/,dictionary+fixed_function
6def59b6-ef06-4914-a76c-f2dacc1e5e1e,11 - Praise and Criticism,harsh criticism,/hɑːʃ ˈkɹɪtɪsɪzəm/,dictionary
f2dbb2de-c400-4285-8130-ba2d44a09905,11 - Praise and Criticism,heavy criticism,/ˈhe.vi ˈkɹɪtɪsɪzəm/,dictionary
2442d3d9-ca44-435b-ba77-842f1311b3a9,11 - Praise and Criticism,sharp criticism,/ʃɑːp ˈkɹɪtɪsɪzəm/,dictionary
dab72fda-5494-4248-8cc6-cbb97c221c0c,11 - Praise and Criticism,highly critical,/ˈhaɪli ˈkɹɪtɪkəl/,dictionary+eng_to_ipa
29e75dd4-8a20-4cc2-9b00-8f3f3c84cb3c,11 - Praise and Criticism,meet with fierce opposition,/miːt wɪθ fɪəs ɒpəˈzɪʃən/,dictionary+eng_to_ipa
5b33ec6b-f9cb-43a1-9e3f-1f7b72e2f8cf,11 - Praise and Criticism,open to criticism,/ˈoʊpən tə ˈkɹɪtɪsɪzəm/,dictionary+eng_to_ipa+fixed_function
dc739d55-fa80-42d0-9f9d-616100d53e32,11 - Praise and Criticism,outspoken critic,/ˈaʊtˈspoʊkən ˈkrɪtɪk/,eng_to_ipa
85734436-0312-469b-80f1-2ffd2542310a,11 - Praise and Criticism,public outcry,/ˈpʌblɪk ˈaʊtkɹaɪ/,dictionary
50c91618-5ca1-45bb-8851-9e1e22f65564,11 - Praise and Criticism,speak ill of somebody,/spiːk ɪl əv ˈsəmˌbɑdi/,dictionary+eng_to_ipa+fixed_function
c6d61bfa-84e5-445f-92f1-4160aee1fe12,11 - Praise and Criticism,strongly object to,/ˈstrɔŋli ˈɑbʤɛkt tə/,eng_to_ipa+fixed_function
61f79dba-eb5b-477f-9f02-be981efcc295,11 - Praise and Criticism,take credit for sth,/teɪk ˈkrɛdɪt fə ˈsamθɪŋ/,dictionary+eng_to_ipa+fixed_function
16b89bbe-7fe2-4dd6-b389-78eead3f479d,11 - Praise and Criticism,take credit for doing sth,/teɪk ˈkrɛdɪt fə duɪŋ ˈsamθɪŋ/,dictionary+eng_to_ipa+fixed_function
281c9a01-1680-414d-93b0-eeb95abdc24d,11 - Praise and Criticism,take criticism,/teɪk ˈkɹɪtɪsɪzəm/,dictionary
e9cf0cc4-0265-4767-b46d-c8aa6bba2343,11 - Praise and Criticism,universal condemnation,/ˌjunəˈvərsəl ˌkɑndəmˈneɪʃən/,eng_to_ipa
dd172a06-a280-4a00-ac3a-ff9838679f33,11 - Praise and Criticism,warmly approve,/ˈwɔrmli əˈpruv/,eng_to_ipa
26a4a966-aabc-4325-b0ae-5c2aa7c6b4e2,11 - Praise and Criticism,heartily approve,/ˈhɑrtəli əˈpruv/,eng_to_ipa
7dad0188-edec-4403-992e-f52e4913903d,11 - Praise and Criticism,a glaring error,/ə ˈglɛrɪŋ ˈɛrər/,eng_to_ipa+fixed_function
07f88af9-12f5-4282-88e3-60df5c867005,11 - Praise and Criticism,a positive review,/ə ˈpɑzətɪv ɹɪˈvjuː/,dictionary+eng_to_ipa+fixed_function
1381942a-a9e9-4bc1-9eb8-483d889fffde,11 - Praise and Criticism,a favorable review,/ə ˈfeɪvərəbəl ɹɪˈvjuː/,dictionary+eng_to_ipa+fixed_function
5f4a4eeb-f952-40da-ab46-d402e7526fb4,11 - Praise and Criticism,a slippery customer,/ə sˈlɪpəri ˈkəstəmər/,eng_to_ipa+fixed_function
81077d5f-8776-436f-81b8-decc0f43c317,11 - Praise and Criticism,an appraising glance,/ən əˈpreɪzɪŋ glæns/,eng_to_ipa+fixed_function
791374f0-9d7e-4df3-90e1-e78d70da7e80,11 - Praise and Criticism,an appraising look,/ən əˈpreɪzɪŋ lʊk/,eng_to_ipa+fixed_function
d640c82e-92e9-415d-a4e9-6a0fc546dcf5,11 - Praise and Criticism,belittle one's achievements,/bɪˈlɪtəl wənz əˈʧivmənts/,eng_to_ipa
47ebd2e8-db07-49a1-a830-a2b38f120fa1,11 - Praise and Criticism,bring disgrace on,/brɪŋ dɪsˈgreɪs ɔn/,eng_to_ipa
c186c00f-462e-4be2-91cf-41700d211b0a,11 - Praise and Criticism,cloud one's judgment,/klaʊd wənz ˈʤəʤmənt/,eng_to_ipa
da2c748b-bfd0-449a-8ee4-d1acca386644,11 - Praise and Criticism,constant nagging,/ˈkɑnstənt ˈnægɪŋ/,eng_to_ipa
079aded4-fabd-42ab-bdc1-b0e0bcb40469,11 - Praise and Criticism,dirty trick,/ˈdərti tɹɪk/,dictionary+eng_to_ipa
5e84732d-6e5d-4aa1-9e2f-4dab1e0a4b51,11 - Praise and Criticism,dismiss criticism,/dɪsˈmɪs ˈkɹɪtɪsɪzəm/,dictionary+eng_to_ipa
87fbb99d-3fd1-4216-b65f-18a7f9303c36,11 - Praise and Criticism,dispute a claim,/dɪˈspjut ə kleɪm/,dictionary+eng_to_ipa+fixed_function
541bd5ce-dcc1-486c-977a-558c9283bf58,11 - Praise and Criticism,disruptive influence,/dɪsˈrəptɪv ˈɪn.flu.əns/,dictionary+eng_to_ipa
9d69f69c-3be6-415a-8e95-a9871f11d359,11 - Praise and Criticism,give sb a severe reprimand for doing something,/gɪv ˈsəmˌbɑdi ə səˈvɪr ˈrɛprəˌmænd fə duɪŋ ˈsamθɪŋ/,dictionary+eng_to_ipa+fixed_function
d198dc33-b676-4f42-b28c-8af309572aa0,11 - Praise and Criticism,have an attitude problem,/hæv ən ˈætəˌtud ˈprɑbləm/,eng_to_ipa+fixed_function
33e25d57-8105-4919-8e75-1b93b25e5f29,11 - Praise and Criticism,lay the blame,/leɪ ðə bleɪm/,dictionary+eng_to_ipa+fixed_function
f6856e45-5552-4a22-abf9-8684484fe76e,11 - Praise and Criticism,put the blame,/pʊt ðə bleɪm/,eng_to_ipa+fixed_function
0a6c8fff-73a8-4571-b49d-bf467aec7105,11 - Praise and Criticism,mixed reviews,/mɪkst rəvˈjuz/,eng_to_ipa
d6c070e1-38f9-48fe-9d51-be78be0ed6d2,11 - Praise and Criticism,bad reviews,/bæːd rəvˈjuz/,dictionary+eng_to_ipa
8f3d852e-5841-4e56-99cc-ce3b256721b7,11 - Praise and Criticism,negative reviews,/ˈnɛgətɪv rəvˈjuz/,eng_to_ipa
ab8db36f-3612-4d65-af1c-db5d5e002d16,11 - Praise and Criticism,provoke an outcry,/pɹəˈvəʊk ən ˈaʊtkɹaɪ/,dictionary+fixed_function
ef30e9b8-77d0-4cef-96d9-f133a35222d2,11 - Praise and Criticism,show disapproval,/ʃəʊ dɪsəˈpruvəl/,dictionary+eng_to_ipa
51810d72-79ef-4362-ac37-3a06b0ba8563,11 - Praise and Criticism,express disapproval,/ɛk.ˈspɹɛs dɪsəˈpruvəl/,dictionary+eng_to_ipa
c2d91c1e-d0ec-44b3-9ae2-2bdbe3dbc490,11 - Praise and Criticism,take flak,/teɪk flæk/,dictionary+eng_to_ipa
a89fe631-26f2-4d66-900c-f7f0d23fa219,11 - Praise and Criticism,be (all)sweetness and light,/bi ɔl sˈwitnəs ən laɪt/,eng_to_ipa+fixed_function
e340d0f5-a540-4f88-ab5a-7a6297dd06b9,11 - Praise and Criticism,be a hard act to follow,/bi ə hɑrd ækt tə ˈfɑloʊ/,eng_to_ipa+fixed_function
b9c7c085-5878-4204-b3e8-0fb18cef6b83,11 - Praise and Criticism,be a tough act to follow,/bi ə təf ækt tə ˈfɑloʊ/,eng_to_ipa+fixed_function
9fdf2b4d-2a3a-4083-90d8-fc20027618b7,11 - Praise and Criticism,be asking for trouble,/bi ˈæskɪŋ fə ˈtrəbəl/,eng_to_ipa+fixed_function
d04c6b09-3476-46bd-bc5a-a18bfedbacf7,11 - Praise and Criticism,cast aspersions on sb,/kæst əˈspərʒənz ɔn ˈsəmˌbɑdi/,eng_to_ipa
b91aab13-9563-4f67-8d70-78749a0398b2,11 - Praise and Criticism,cast aspersions on sth,/kæst əˈspərʒənz ɔn ˈsamθɪŋ/,dictionary+eng_to_ipa
35a30e7f-df1a-4ea7-bda3-36faabab081c,11 - Praise and Criticism,come under fire,/kəm ˈəndər ˈfɑeə(ɹ)/,dictionary+eng_to_ipa
49f38061-8cbc-4735-aa5b-a6221ce90497,11 - Praise and Criticism,do a hatchet job on,/dʉː ə ˈhæʧət ʤɑb ɔn/,dictionary+eng_to_ipa+fixed_function
ac8534ff-db8b-439a-a80a-dd2018cf001f,11 - Praise and Criticism,do somebody credit,/dʉː ˈsəmˌbɑdi ˈkrɛdɪt/,dictionary+eng_to_ipa
b2791c71-3101-4010-a30f-c1cbd3746c8f,11 - Praise and Criticism,do somebody something,/dʉː ˈsəmˌbɑdi ˈsamθɪŋ/,dictionary+eng_to_ipa
5ea23862-04c5-43a2-a017-426fc85bcc3c,11 - Praise and Criticism,do credit to somebody,/dʉː ˈkrɛdɪt tə ˈsəmˌbɑdi/,dictionary+eng_to_ipa+fixed_function
caec4e67-31f3-4f14-b8ea-420d975a2495,11 - Praise and Criticism,do credit to something,/dʉː ˈkrɛdɪt tə ˈsamθɪŋ/,dictionary+eng_to_ipa+fixed_function
6311c58d-8b85-41f7-b847-92b99f53bf11,11 - Praise and Criticism,find fault with sb,/faɪnd fɔlt wɪθ ˈsəmˌbɑdi/,eng_to_ipa
cb1ad0dd-e6d2-4575-aa1f-52a4b617d457,11 - Praise and Criticism,find fault with sth,/faɪnd fɔlt wɪθ ˈsamθɪŋ/,dictionary+eng_to_ipa
bc8bf4d2-4748-49be-ab93-2dc1a6d815a5,11 - Praise and Criticism,give as good as you get,/gɪv əz gʊd əz jʉː gɪt/,dictionary+eng_to_ipa+fixed_function
699bbd9c-661c-4bd8-a59a-5ab5bdda6d3a,11 - Praise and Criticism,give sb a break,/gɪv ˈsəmˌbɑdi ə breɪk/,eng_to_ipa+fixed_function
12d9243c-5472-4f9a-8aec-baf9d601a8a2,11 - Praise and Criticism,groundbreaking work,/ˈgraʊnˌbreɪkɪŋ wərk/,eng_to_ipa
2e1029c4-3939-42ce-94e5-ec375410897b,11 - Praise and Criticism,haul sb over the coals,/hɔl ˈsəmˌbɑdi ˈoʊvər ðə koʊlz/,eng_to_ipa+fixed_function
ee813862-0c15-484e-a3e0-97b8926b659e,11 - Praise and Criticism,drag sb over the coals,/dɹæɡ ˈsəmˌbɑdi ˈoʊvər ðə koʊlz/,dictionary+eng_to_ipa+fixed_function
344345ca-4f93-4913-a41f-9a02c2b9aa13,11 - Praise and Criticism,in the firing line,/ɪn ðə ˈfaɪɹɪŋ laɪn/,dictionary+eng_to_ipa+fixed_function
2f2b914c-6146-4acb-9015-953fa5b56ab8,11 - Praise and Criticism,in the line of fire,/ɪn ðə laɪn əv ˈfɑeə(ɹ)/,dictionary+eng_to_ipa+fixed_function
0c3802e2-5056-49b8-8e80-aaec7f406728,11 - Praise and Criticism,out of this world,/aʊt əv ðəs wərld/,dictionary+eng_to_ipa+fixed_function
21a908bc-aa8d-4f49-a889-adce9e76315f,11 - Praise and Criticism,pat sb on the back,/pæt ˈsəmˌbɑdi ɔn ðə bæk/,dictionary+eng_to_ipa+fixed_function
9a1a253c-80d1-48eb-a987-336d85c38d57,11 - Praise and Criticism,pat yourself on the back,/pæt ˈjɔrsɛlf ɔn ðə bæk/,dictionary+eng_to_ipa+fixed_function
16e9d35e-e758-499c-adcb-b9289de3a917,11 - Praise and Criticism,pick holes in sth,/pɪk həʊlz ɪn ˈsamθɪŋ/,dictionary+eng_to_ipa
7dc16604-2c49-499d-9032-09070b435da4,11 - Praise and Criticism,pick someone to pieces,/pɪk ˈsəmˌwən tə ˈpisɪz/,eng_to_ipa+fixed_function
98fdf5fb-9f87-466f-910d-147c5d25cee4,11 - Praise and Criticism,pick something to pieces,/pɪk ˈsamθɪŋ tə ˈpisɪz/,dictionary+eng_to_ipa+fixed_function
a6726e5c-4ac3-4922-8952-5433deb655ec,11 - Praise and Criticism,pull someone to pieces,/pʊl ˈsəmˌwən tə ˈpisɪz/,dictionary+eng_to_ipa+fixed_function
a9ae1652-420b-4428-a60d-cefcb7d75775,11 - Praise and Criticism,pull something to pieces,/pʊl ˈsamθɪŋ tə ˈpisɪz/,dictionary+eng_to_ipa+fixed_function
0b1b556c-9446-4ff7-9080-fb6c0634ed5e,11 - Praise and Criticism,pour scorn on sb,/pɔr skɔːn ɔn ˈsəmˌbɑdi/,dictionary+eng_to_ipa
40e76c07-3427-40b1-978a-fe840b517565,11 - Praise and Criticism,pour scorn on sth,/pɔr skɔːn ɔn ˈsamθɪŋ/,dictionary+eng_to_ipa
360091aa-5ccc-41a3-888d-5a9c746fee5d,11 - Praise and Criticism,heap scorn on sb,/heːp skɔːn ɔn ˈsəmˌbɑdi/,dictionary+eng_to_ipa
0ad0f351-4eb0-447c-813a-6ca74a761845,11 - Praise and Criticism,heap scorn on sth,/heːp skɔːn ɔn ˈsamθɪŋ/,dictionary+eng_to_ipa
cc45f399-9313-459a-bb32-6d6991ef1937,11 - Praise and Criticism,second to none,/ˈsɛkənd tə nɒn/,dictionary+eng_to_ipa+fixed_function
5fc726d4-203e-48f8-ab4b-c722c7f99800,11 - Praise and Criticism,sing the praises of sb,/sɪŋ ðə ˈpɹeɪzɪz əv ˈsəmˌbɑdi/,dictionary+eng_to_ipa+fixed_function
140431fa-5ece-4bf2-b1e6-51126470ac04,11 - Praise and Criticism,sing the praises of sth,/sɪŋ ðə ˈpɹeɪzɪz əv ˈsamθɪŋ/,dictionary+fixed_function
64008e1a-6d39-4083-ab3d-04f1ed3331ab,11 - Praise and Criticism,take your hat off to sb,/teɪk jʊr hat ɔf tə ˈsəmˌbɑdi/,dictionary+eng_to_ipa+fixed_function
81a5a796-eddb-4332-bf22-1f62d0916249,11 - Praise and Criticism,tear to shreds,/tɪr tə ʃrɛdz/,eng_to_ipa+fixed_function
a9b98ead-b1b7-4c27-8a7b-0d7f7cde255f,11 - Praise and Criticism,something to shreds,/ˈsamθɪŋ tə ʃrɛdz/,dictionary+eng_to_ipa+fixed_function
37b2a907-e0cc-4c2a-81e6-82b62bf4e677,11 - Praise and Criticism,think the world of sb (),/θɪŋk ðə wərld əv ˈsəmˌbɑdi/,dictionary+eng_to_ipa+fixed_function
b425b063-2f13-40b6-a362-a5d55ea780af,11 - Praise and Criticism,think the world of sth (),/θɪŋk ðə wərld əv ˈsamθɪŋ/,dictionary+eng_to_ipa+fixed_function
5950b9aa-5f9f-405f-abc7-21f3c6562cfc,11 - Praise and Criticism,think highly of sb,/θɪŋk ˈhaɪli əv ˈsəmˌbɑdi/,dictionary+eng_to_ipa+fixed_function
f7ba20a5-6e63-49fd-b70e-44dcd6c06c18,11 - Praise and Criticism,think highly of sth),/θɪŋk ˈhaɪli əv ˈsamθɪŋ/,dictionary+eng_to_ipa+fixed_function
19f392c3-328b-4bde-af88-c898d1396e96,11 - Praise and Criticism,to somebody's credit,/tə ˈsəmˌbɑdiz ˈkrɛdɪt/,eng_to_ipa+fixed_function
e02cbd33-fee8-472b-a96d-d6159065eac8,12 - Advice and Warning,a flood warning,/ə fləd ˈwɔrnɪŋ/,eng_to_ipa+fixed_function
469a3e68-785e-4264-a979-48db3a80a059,12 - Advice and Warning,a tornado warning,/ə tɔː(ɹ)ˈneɪ.dəʊ ˈwɔrnɪŋ/,dictionary+eng_to_ipa+fixed_function
63538e47-4212-4b28-b10d-683173ac32cf,12 - Advice and Warning,a word of caution,/ə wərd əv ˈkɔːʃ(ə)n/,dictionary+eng_to_ipa+fixed_function
803a29f2-b8d2-4dd6-a90d-eb139b45ad7d,12 - Advice and Warning,a note of caution,/ə nəʊt əv ˈkɔːʃ(ə)n/,dictionary+fixed_function
0675a0cf-86ae-4366-b103-bf90fa2c858f,12 - Advice and Warning,at a moment's notice,/ət ə ˈmoʊmənts ˈnəʊtɪs/,dictionary+eng_to_ipa+fixed_function
7658a176-a78d-48e0-952a-0aacd1ed3ce0,12 - Advice and Warning,dire warning,/daɪər ˈwɔrnɪŋ/,eng_to_ipa
9b00ed73-986f-4d52-b139-02b5c26000b7,12 - Advice and Warning,give someone a tip about something,/gɪv ˈsəmˌwən ə tɪp əˈbaʊt ˈsamθɪŋ/,dictionary+eng_to_ipa+fixed_function
fb616236-fc03-47f2-8ef1-27950477fd53,12 - Advice and Warning,give someone a tip for something,/gɪv ˈsəmˌwən ə tɪp fə ˈsamθɪŋ/,dictionary+eng_to_ipa+fixed_function
54e5bfb3-d746-4c7a-b0a6-31da48b0c8d2,12 - Advice and Warning,give someone a written warning,/gɪv ˈsəmˌwən ə ˈɹɪtn̩ ˈwɔrnɪŋ/,dictionary+eng_to_ipa+fixed_function
a1bc62c1-fc8c-4234-ac9c-f46dc9c6abfa,12 - Advice and Warning,give someone advice,/gɪv ˈsəmˌwən ədˈvaɪs/,dictionary+eng_to_ipa
8e5984dd-a7b1-4230-badc-aea11b3b71a3,12 - Advice and Warning,heed warnings,/hiːd ˈwɔrnɪŋz/,dictionary+eng_to_ipa
7178ef03-eb68-42c3-a5d8-ec1afd1e831d,12 - Advice and Warning,ignore warnings,/ɪɡˈnɔː ˈwɔrnɪŋz/,dictionary+eng_to_ipa
6055c109-4578-425e-aee3-4b5be358eaf1,12 - Advice and Warning,issue a warning,/ˈɪsjuː ə ˈwɔrnɪŋ/,dictionary+eng_to_ipa+fixed_function
b29e0fb7-795c-48e1-a578-be323987ece6,12 - Advice and Warning,legal advice,/ˈliː.ɡəl ədˈvaɪs/,dictionary
3ca60c11-f39e-4c62-86a2-2fc3c6b2b8d9,12 - Advice and Warning,offer advice on,/ˈɔfər ədˈvaɪs ɔn/,dictionary+eng_to_ipa
139bf34f-1fd5-4fb8-99af-a3cf9726433d,12 - Advice and Warning,on(full)alert,/ɔn fʊl əˈlɜːt/,dictionary+eng_to_ipa
94cb36e4-90e8-4cdd-8fe3-7ee50a60747b,12 - Advice and Warning,on someone's advice (),/ɔn ˈsəmˌwənz ədˈvaɪs/,dictionary+eng_to_ipa
e2254c5e-1545-4e18-a96a-be9fdce86e46,12 - Advice and Warning,on the advice of someone),/ɔn ðə ədˈvaɪs əv ˈsəmˌwən/,dictionary+eng_to_ipa+fixed_function
b3a636a7-08f1-489f-99e0-d45085172c98,12 - Advice and Warning,piece of advice,/pis əv ədˈvaɪs/,dictionary+eng_to_ipa+fixed_function
08a811f7-e3ae-4089-8fa1-7be7c45dd3ab,12 - Advice and Warning,proceed with caution,/pɹəˈsiːd wɪθ ˈkɔːʃ(ə)n/,dictionary+eng_to_ipa
aae4877b-3582-42cc-8f9f-7c7309acd965,12 - Advice and Warning,put someone on notice,/pʊt ˈsəmˌwən ɔn ˈnəʊtɪs/,dictionary+eng_to_ipa
97cf04fd-9faa-4713-9610-4ac58ce9a35a,12 - Advice and Warning,seek advice,/siːk ədˈvaɪs/,dictionary
d371d4e6-a04b-49b7-89a3-86372205b88e,12 - Advice and Warning,sound advice,/saʊnd ədˈvaɪs/,dictionary
e973de00-1832-4a45-b59c-f02c2f2ff86b,12 - Advice and Warning,strongly advise,/ˈstrɔŋli ədˈvaɪz/,dictionary+eng_to_ipa
73148cfd-4fcd-43e3-bbf9-298277ea8812,12 - Advice and Warning,take someone's advice,/teɪk ˈsəmˌwənz ədˈvaɪs/,dictionary+eng_to_ipa
0ac58fa5-0d35-4349-9992-211313ada1f1,12 - Advice and Warning,under the guidance of sb,/ˈəndər ðə ˈɡaɪdəns əv ˈsəmˌbɑdi/,dictionary+eng_to_ipa+fixed_function
b96f767e-4351-4c8b-a248-072132ad78b5,12 - Advice and Warning,warning shot,/ˈwɔrnɪŋ ʃɑt/,eng_to_ipa
4948cd78-6f14-455c-b1a4-3342f2848a6d,12 - Advice and Warning,warning sign,/ˈwɔrnɪŋ saɪn/,eng_to_ipa
a6eb5803-a40f-46cb-ae9a-6b3264135555,12 - Advice and Warning,word of warning,/wərd əv ˈwɔrnɪŋ/,eng_to_ipa+fixed_function
42dece8a-f872-4fd9-99bf-ebd06d6d85c8,12 - Advice and Warning,actions speak louder than words,/ˈæk.ʃənz spiːk ˈlaʊdə ðən wɜːdz/,dictionary+fixed_function
080720e6-d160-41bf-a7bb-46298a6238d8,12 - Advice and Warning,alarm bells ring ringing,/əˈlɑrm bɛlz rɪŋ ˈrɪŋɪŋ/,eng_to_ipa
f4d78143-ce19-49fc-aebe-9c177c7d7cbf,12 - Advice and Warning,alarm bells are ringing,/əˈlɑrm bɛlz ər ˈrɪŋɪŋ/,eng_to_ipa
b7f1c3c6-28fe-4dc2-aa5f-338a182816b7,12 - Advice and Warning,at short notice,/ət ʃɔrt ˈnəʊtɪs/,dictionary+eng_to_ipa+fixed_function
e5a87eaf-0a6d-46df-b1b3-b82dc35512c1,12 - Advice and Warning,on short notice,/ɔn ʃɔrt ˈnəʊtɪs/,dictionary+eng_to_ipa
22590080-b552-4c42-a59f-65567b9984a1,12 - Advice and Warning,be skating on thin ice,/bi ˈskeɪtɪŋ ɔn θɪn aɪs/,eng_to_ipa
97943145-0470-4b98-826d-1a92113bc4a5,12 - Advice and Warning,be walking on thin ice,/bi ˈwɔkɪŋ ɔn θɪn aɪs/,eng_to_ipa
1351dd80-6d67-48ed-bb88-28b6cc31f297,12 - Advice and Warning,better safe than sorry,/ˈbɛtər seɪf ðən ˈsɑri/,eng_to_ipa+fixed_function
60c2d64d-6666-4e5a-80a8-ec26472acea2,12 - Advice and Warning,bite off more than you can chew,/bʌɪt ɔf mɔr ðən jʉː kən ʧu/,dictionary+eng_to_ipa+fixed_function
9d349493-1113-483a-ab0d-407f4c786f42,12 - Advice and Warning,bite the bullet,/bʌɪt ðə ˈbʊlət/,dictionary+eng_to_ipa+fixed_function
a4e7aa0d-dd32-4e35-8f72-0e36758bb21a,12 - Advice and Warning,for what it's worth,/fə wɔt ɪts wərθ/,dictionary+eng_to_ipa+fixed_function
61e84318-4fe9-4114-a092-e4e99d385fee,12 - Advice and Warning,get your act together,/gɪt jʊr ækt təˈgɛðər/,eng_to_ipa
c9521e12-f082-4326-9cf7-1341112ebe50,12 - Advice and Warning,give someone food for thought,/gɪv ˈsəmˌwən fud fə θɔt/,eng_to_ipa+fixed_function
a77ddf68-52c6-4da2-aa20-3899020137d7,12 - Advice and Warning,learn(something)the hard way,/lərn ˈsamθɪŋ ðə hɑrd weɪ/,dictionary+eng_to_ipa+fixed_function
36dfd9b3-db0a-486c-9918-673abe280058,12 - Advice and Warning,look before you leap,/lʊk ˌbiˈfɔr jʉː liːp/,dictionary+eng_to_ipa
c03c2e79-0cc9-4a14-99a1-74ff9dd78837,12 - Advice and Warning,put all your eggs in one basket,/pʊt ɔl jʊr ɛgz ɪn wən ˈbæskət/,eng_to_ipa
bf6cf7fa-b9b8-443d-b25a-4536acdf48b1,12 - Advice and Warning,ring the changes(on something),/rɪŋ ðə ˈʧeɪnʤɪz ɔn ˈsamθɪŋ/,dictionary+eng_to_ipa+fixed_function
93d09461-ae07-4ad0-9557-b5019aca7a96,12 - Advice and Warning,set the record straight,/sɛt ðə ˈrɛkərd streɪt/,eng_to_ipa+fixed_function
c963cac7-8677-4896-8624-8e38e621b250,12 - Advice and Warning,put the record straight,/pʊt ðə ˈrɛkərd streɪt/,eng_to_ipa+fixed_function
fec37d45-153c-4a59-a911-9aeacd4eb40c,12 - Advice and Warning,take something on board,/teɪk ˈsamθɪŋ ɔn bɔrd/,dictionary+eng_to_ipa
13aee980-37cc-4ee3-899a-2c799c4eefcf,12 - Advice and Warning,take something to heart,/teɪk ˈsamθɪŋ tə hɑːt/,dictionary+fixed_function
aa4f9d32-3a12-446a-a11c-663c264c6a82,12 - Advice and Warning,take something with a pinch of salt,/teɪk ˈsamθɪŋ wɪθ ə pɪnʧ əv sɔlt/,dictionary+eng_to_ipa+fixed_function
ef5ca354-b7cb-4fd3-b570-c622e3894bd0,12 - Advice and Warning,take something with a grain of salt,/teɪk ˈsamθɪŋ wɪθ ə greɪn əv sɔlt/,dictionary+eng_to_ipa+fixed_function
276dd523-fde3-496b-bc62-31af4d220da9,12 - Advice and Warning,tempt fate,/tɛmpt feɪt/,eng_to_ipa
43ceaa29-0f4f-4c07-9178-e21450de2ba4,12 - Advice and Warning,tempt providence,/tɛmpt ˈprɑvədəns/,eng_to_ipa
1c14b91e-c77c-49d1-9919-494daa681f39,12 - Advice and Warning,turn over a new leaf,/tərn ˈoʊvər ə nu lif/,eng_to_ipa+fixed_function
467d66dd-25bc-4be0-aafd-59e045c96d17,12 - Advice and Warning,think outside the box,/θɪŋk ˈaʊtˈsaɪd ðə bɑks/,dictionary+eng_to_ipa+fixed_function
1b8e7eef-effd-465b-a41d-a83bc41f3921,12 - Advice and Warning,think twice,/θɪŋk twaɪs/,dictionary+eng_to_ipa
acc0fc57-89f9-4855-823e-5aeaf35b0cfd,12 - Advice and Warning,upset the apple cart,/ˈəpˌsɛt ðə ˈæpəl kɑrt/,eng_to_ipa+fixed_function
646b0456-f7ef-4879-af88-89fa46edaec0,"13 - Appearance, Character and Behavior",bear a resemblance to,/bɛr ə rɪˈzɛmbləns tə/,eng_to_ipa+fixed_function
b354e079-9fbc-482a-b713-ec59cfb002da,"13 - Appearance, Character and Behavior",broad hips,/brɔd hɪps/,eng_to_ipa
68833d70-207c-4ed4-bd1d-eb10a5b6e353,"13 - Appearance, Character and Behavior",chubby cheeks,/ˈʧəbi ʧiks/,eng_to_ipa
9080a4b6-8f28-467d-85e8-d69a9616dd43,"13 - Appearance, Character and Behavior",coarse hair,/kɔrs hɛr/,eng_to_ipa
5fcc0b26-bf03-4808-a077-2f47d822ac36,"13 - Appearance, Character and Behavior",droopy moustache,/ˈdrupi ˈməˌstæʃ/,eng_to_ipa
a73b4097-73c4-4677-9d58-991c3b74c6bd,"13 - Appearance, Character and Behavior",fair hair,/fɛr hɛr/,eng_to_ipa
3db305ca-369e-4be1-b6e9-d6135acaeee9,"13 - Appearance, Character and Behavior",ginger hair,/ˈʤɪnʤər hɛr/,eng_to_ipa
9110230b-9abe-460d-85ae-f4ea1fb38390,"13 - Appearance, Character and Behavior",go grey,/goʊ greɪ/,eng_to_ipa
69924afb-d559-4e1f-90f7-fefd355bbeeb,"13 - Appearance, Character and Behavior",have a striking appearance,/hæv ə ˈstraɪkɪŋ əˈpɪəɹəns/,dictionary+eng_to_ipa+fixed_function
8bc62cd5-1770-4584-9e58-1c5f5314267b,"13 - Appearance, Character and Behavior",immaculately groomed,/ˌɪˈmækjələtli ɡɹuːmd/,dictionary+eng_to_ipa
12480296-6026-4b15-9ff7-9e82f4a58d46,"13 - Appearance, Character and Behavior",lanky youth,/ˈlæŋk.i juθ/,dictionary
72f9e6c2-9b5c-4fd8-b33e-089255cac831,"13 - Appearance, Character and Behavior",lovely complexion,/ˈlʌvli kəmˈplɛkʃən/,dictionary
014f9485-923c-4eae-83ec-df773dd4176a,"13 - Appearance, Character and Behavior",oval face,/ˈəʊvəl feɪs/,dictionary
8d7d1ed4-0219-4921-9e35-2bd0f7c1cdee,"13 - Appearance, Character and Behavior",portly gentleman,/ˈpoːtliː ˈdʒɛn.təl.mən/,dictionary
564d4148-7ef0-4575-9061-ef3284a2e24c,"13 - Appearance, Character and Behavior",round face,/ˈɹaʊnd feɪs/,dictionary
ac048c34-09ba-4df1-a0c6-3145a80cc833,"13 - Appearance, Character and Behavior",slender waist,/ˈslɛndə weɪst/,dictionary
6b47342a-c2fe-4a59-806a-875877022909,"13 - Appearance, Character and Behavior",slim figure,/slɪm ˈfɪgjər/,dictionary+eng_to_ipa
5bce068e-f066-4c2e-91c3-980211dcdf79,"13 - Appearance, Character and Behavior",straight nose,/streɪt nəʊz/,dictionary+eng_to_ipa
6c273ae2-8f4d-4e43-91da-1656f97787d3,"13 - Appearance, Character and Behavior",thick hair,/θɪk hɛr/,eng_to_ipa
fdf78d94-152a-419f-8803-d5d3493b21c0,"13 - Appearance, Character and Behavior",tiny tot,/ˈtaɪni tɑt/,dictionary+eng_to_ipa
5531a091-afd1-4f76-9dbe-4070abdd94c9,"13 - Appearance, Character and Behavior",youthful appearance,/ˈjuːθfəl əˈpɪəɹəns/,dictionary
899a1e0c-d755-45bb-8f35-31465db49aaa,"13 - Appearance, Character and Behavior",a dazzling smile,/ə ˈdæz.lɪŋ ˈsmaɪ.əl/,dictionary+fixed_function
9ffed56f-6409-4de8-a0fa-d79fc46120cb,"13 - Appearance, Character and Behavior",abrasive manner,/əˈbɹeɪ.sɪv ˈmænə/,dictionary
652e8ad8-2951-43e2-9d26-34ee79e65318,"13 - Appearance, Character and Behavior",act your age,/ækt jʊr eɪd͡ʒ/,dictionary+eng_to_ipa
37692504-99d6-48b1-a15c-b3670f8d7b95,"13 - Appearance, Character and Behavior",boost one's confidence,/buːst wənz ˈkɑnfədɛns/,dictionary+eng_to_ipa
d97273d7-e4fb-4ca5-9eb8-326cde8ac2bc,"13 - Appearance, Character and Behavior",boundless energy,/ˈbaʊndləs ˈɛnərʤi/,eng_to_ipa
56c90c78-06f8-4206-adab-438be54f8be6,"13 - Appearance, Character and Behavior",bubbly personality,/ˈbʌbli -i/,dictionary
2df7040f-1773-437c-a937-0e782362d453,"13 - Appearance, Character and Behavior",burst of energy,/bɜːst əv ˈɛnərʤi/,dictionary+eng_to_ipa+fixed_function
f6764636-788e-45c1-b341-239a9e33d3de,"13 - Appearance, Character and Behavior",cool reception,/kuːl rɪˈsɛpʃən/,dictionary+eng_to_ipa
ca06b665-c30a-42c7-9d8d-cab08b5912c0,"13 - Appearance, Character and Behavior",lukewarm reception,/ˈlukˈwɔrm rɪˈsɛpʃən/,eng_to_ipa
c2195c15-2c53-49ec-86aa-791561bca081,"13 - Appearance, Character and Behavior",display characteristics,/dɪˈspleɪ ˌkɛrɪktərˈɪstɪks/,eng_to_ipa
344be29a-cbab-4336-b143-123a5417dc1d,"13 - Appearance, Character and Behavior",downright rude,/ˈdaʊnˌraɪt rud/,eng_to_ipa
d6905437-2fbe-49a2-9510-fffb49de3d7b,"13 - Appearance, Character and Behavior",forthright manner,/ˈfɔrθˈraɪt ˈmænə/,dictionary+eng_to_ipa
5f42092c-5215-4a00-aca4-3f1f771eb2b2,"13 - Appearance, Character and Behavior",gruff exterior,/grəf ɪkˈstɪriər/,eng_to_ipa
f140c912-d8b5-4379-8278-0b140e4f60e8,"13 - Appearance, Character and Behavior",have some wonderful personal qualities,/hæv səm ˈwəndərfəl ˈpərsɪnəl kˈwɑlətiz/,eng_to_ipa
584d2c5a-cdb3-4685-87cf-211aba016345,"13 - Appearance, Character and Behavior",look your age,/lʊk jʊr eɪd͡ʒ/,dictionary+eng_to_ipa
343aa53c-939b-475d-813a-ba65e7835f55,"13 - Appearance, Character and Behavior",open hostility,/ˈoʊpən hɑˈstɪləti/,eng_to_ipa
9b988323-453c-4e29-8d76-63132dac597e,"13 - Appearance, Character and Behavior",sharp wit,/ʃɑːp wɪt/,dictionary+eng_to_ipa
64a644a1-da45-4472-a1ca-9c290b733ac3,"13 - Appearance, Character and Behavior",strong point,/stɹɑŋ pɔɪnt/,dictionary
fecdf46a-9f88-4dc7-8db3-db1b16243aae,"13 - Appearance, Character and Behavior",stubborn streak,/ˈstəbərn strik/,eng_to_ipa
f876defc-e1de-432d-a88b-daba5f3ffa20,"13 - Appearance, Character and Behavior",thinly disguised,/ˈθɪnli dɪsˈgaɪzd/,eng_to_ipa
5e62e76c-044f-4ce7-bfa3-3dc50ee5e5fb,"13 - Appearance, Character and Behavior",a sense of humor,/ə sɛns əv ˈhjumər/,eng_to_ipa+fixed_function
15253f04-9be9-4312-ae00-d2e6272bd6fc,"13 - Appearance, Character and Behavior",an outgoing personality,/ən ˈaʊtˌgoʊɪŋ -i/,dictionary+eng_to_ipa+fixed_function
69a4c66b-35e0-439d-ad5a-f855406579da,"13 - Appearance, Character and Behavior",bear a grudge,/bɛr ə grəʤ/,eng_to_ipa+fixed_function
f643617f-f1fd-4002-a346-4bf817fe8a8f,"13 - Appearance, Character and Behavior",brutally honest,/ˈbrutəli ˈɑnəst/,eng_to_ipa
6dc48f56-bd87-4432-83aa-58d4aa37e44c,"13 - Appearance, Character and Behavior",fiercely loyal,/ˈfɪrsli lɔɪəl/,eng_to_ipa
44443b6e-b60f-41d3-a3ad-bd2d4108a148,"13 - Appearance, Character and Behavior",good company,/gʊd ˈkəmpəˌni/,eng_to_ipa
0868471b-87ef-4875-860f-b73c96a67491,"13 - Appearance, Character and Behavior",have a tendency to do something,/hæv ə ˈtɛndənsi tə dʉː ˈsamθɪŋ/,dictionary+eng_to_ipa+fixed_function
ad0b9ee0-9df0-4bf1-907b-253bc327e33a,"13 - Appearance, Character and Behavior",have a vivid imagination,/hæv ə ˈvɪvɪd ˌɪˌmæʤəˈneɪʃən/,eng_to_ipa+fixed_function
dd29261d-1751-4335-974c-6b117955177e,"13 - Appearance, Character and Behavior",highly intelligent,/ˈhaɪli ˌɪnˈtɛləʤənt/,eng_to_ipa
737b30fe-eb5d-4f0d-833f-2aab6d0f9d32,"13 - Appearance, Character and Behavior",keep one's word,/kiːp wənz wərd/,dictionary+eng_to_ipa
577f68e8-6621-4606-b072-4e814b927883,"13 - Appearance, Character and Behavior",break one's word,/breɪk wənz wərd/,eng_to_ipa
45aeb959-d502-42bb-9f88-13d442d84424,"13 - Appearance, Character and Behavior",lose one's temper,/luz wənz ˈtɛmpər/,eng_to_ipa
e4f638c8-e1fe-48c3-85db-5cd62883cf5f,"13 - Appearance, Character and Behavior",lose patience,/luz ˈpeɪʃəns/,eng_to_ipa
338dd3f4-01d6-4134-864d-62d5cb0cc325,"13 - Appearance, Character and Behavior",painfully shy,/ˈpeɪnfəli ʃaɪ/,eng_to_ipa
ae92fd6e-0332-467e-9cfc-6ef20dfa3471,12 - Advice and Warning,(a)word to the wise,/ə wərd tə ðə waɪz/,eng_to_ipa+fixed_function
db2b146f-79a7-4727-99be-bceb0ac52e22,"13 - Appearance, Character and Behavior",personality trait,/-i treɪt/,dictionary+eng_to_ipa
3e1725ea-bd4e-41f4-af42-6697781f434c,"13 - Appearance, Character and Behavior",reveal one's true character,/rɪˈvil wənz tru ˈkɛrɪktər/,eng_to_ipa
c6b8de7d-86c3-4053-bcc9-be965268f3ea,"13 - Appearance, Character and Behavior",selfish streak,/ˈsɛlfɪʃ strik/,eng_to_ipa
33e97310-59eb-4e1d-b960-e758f25ca6cf,"13 - Appearance, Character and Behavior",sense of responsibility,/sɛns əv riˌspɑnsəˈbɪləti/,eng_to_ipa+fixed_function
c0107872-df67-44ff-accd-7c32f63604fa,"13 - Appearance, Character and Behavior",set high standards,/sɛt haɪ ˈstændərdz/,eng_to_ipa
bf83a22c-d675-4606-befe-143332e76398,"13 - Appearance, Character and Behavior",a man of(many)parts,/ə mɛn əv ˈmɛni pɑrts/,dictionary+eng_to_ipa+fixed_function
5187ac2e-9631-487e-a265-f8d8bd85dd69,"13 - Appearance, Character and Behavior",a woman of(many)parts,/ə ˈwʊmɘn əv ˈmɛni pɑrts/,dictionary+eng_to_ipa+fixed_function
b6949d5d-36bc-4352-a9b9-6b4e5e46b30f,"13 - Appearance, Character and Behavior",a mine of information,/ə maɪn əv ˌɪnˌfɔrˈmeɪʃən/,eng_to_ipa+fixed_function
65557f43-90e0-48a6-87c1-1f035fd0f737,"13 - Appearance, Character and Behavior",be in the balance,/bi ɪn ðə ˈbæləns/,dictionary+eng_to_ipa+fixed_function
442144c2-d090-4444-a2cd-7eafcd68b0d6,"13 - Appearance, Character and Behavior",hang in the balance,/hæŋ ɪn ðə ˈbæləns/,dictionary+eng_to_ipa+fixed_function
072566a2-d148-4c8e-bfe7-065c8a66f81e,"13 - Appearance, Character and Behavior",blow something out of proportion,/bloʊ ˈsamθɪŋ aʊt əv pɹəˈpɔːʃən/,dictionary+eng_to_ipa+fixed_function
fdac3a6d-884c-40b1-948f-6a87ff924140,"13 - Appearance, Character and Behavior",bring a lump to,/brɪŋ ə lʌmp tə/,dictionary+eng_to_ipa+fixed_function
1220319b-eadf-48de-b637-8af1139e3289,"13 - Appearance, Character and Behavior",have a lump in your throat,/hæv ə lʌmp ɪn jʊr ˈθɹəʊt/,dictionary+eng_to_ipa+fixed_function
99f24933-1274-4934-a8fa-33d57b06a7cf,"13 - Appearance, Character and Behavior",come to terms with sb,/kəm tə tərmz wɪθ ˈsəmˌbɑdi/,eng_to_ipa+fixed_function
f83fa321-d029-45c0-99b8-d23f100df0c6,"13 - Appearance, Character and Behavior",come to terms with sth,/kəm tə tərmz wɪθ ˈsamθɪŋ/,dictionary+eng_to_ipa+fixed_function
0a9b3777-08c7-4c9b-b2b0-46037eb72b7c,"13 - Appearance, Character and Behavior",fade into insignificance,/feɪd ˈɪntu ˌɪnsɪgnˈjɪfɪkəns/,dictionary+eng_to_ipa
aeb18875-f0b1-40c7-b6b4-58d6ed85b9a3,"13 - Appearance, Character and Behavior",pale into insignificance,/peɪl ˈɪntu ˌɪnsɪgnˈjɪfɪkəns/,dictionary+eng_to_ipa
747e8a7c-c412-4ce8-b281-00543ff7a180,"13 - Appearance, Character and Behavior",give someone a hard time,/gɪv ˈsəmˌwən ə hɑrd tɑem/,dictionary+eng_to_ipa+fixed_function
3481ffbe-bb5a-4a59-8d32-e32c5dbcb23c,"13 - Appearance, Character and Behavior",have another than one string to your bow,/hæv æˈnʌð.ə(ɹ) ðən wən stɹɪŋ tə jʊr bəʊ/,dictionary+eng_to_ipa+fixed_function
8c5388e4-b360-473d-a70d-2e29fb7e5111,"13 - Appearance, Character and Behavior",have more than one string to your bow,/hæv mɔr ðən wən stɹɪŋ tə jʊr bəʊ/,dictionary+eng_to_ipa+fixed_function
c19334de-813e-4884-a680-c2cf35bee8e6,"13 - Appearance, Character and Behavior",leave someone in the lurch,/liːv ˈsəmˌwən ɪn ðə lɝt͡ʃ/,dictionary+eng_to_ipa+fixed_function
0d369969-eb69-4e01-88fd-4fdc078f083c,"13 - Appearance, Character and Behavior",let (yourself)go,/lɛt ˈjɔrsɛlf goʊ/,eng_to_ipa
5a20628e-8004-47c1-8a52-7a2b99f3b90e,"13 - Appearance, Character and Behavior",look straight through someone,/lʊk streɪt θru ˈsəmˌwən/,eng_to_ipa
bbf9fc91-9cb2-46ec-a47e-1a360dbaa57e,"13 - Appearance, Character and Behavior",look right through someone,/lʊk raɪt θru ˈsəmˌwən/,eng_to_ipa
ffeb9f60-a2b9-490e-9a66-8d6c3e62a6cc,"13 - Appearance, Character and Behavior",make the most of sth,/meɪk ðə ˈməʊst əv ˈsamθɪŋ/,dictionary+fixed_function
7fedb3f2-e2c2-4bd5-99dd-284efd67e8a4,"13 - Appearance, Character and Behavior",play a joke on someone,/pleɪ ə dʒəʊk ɔn ˈsəmˌwən/,dictionary+eng_to_ipa+fixed_function
2a8cd615-4279-4492-baab-5067893b5dbb,"13 - Appearance, Character and Behavior",play a trick on someone,/pleɪ ə tɹɪk ɔn ˈsəmˌwən/,dictionary+eng_to_ipa+fixed_function
ca0e1632-b25e-43b2-88ce-4993ca83bd05,"13 - Appearance, Character and Behavior",swallow one's pride,/ˈswɒləʊ wənz praɪd/,dictionary+eng_to_ipa
8260bd3f-860a-4d09-8773-4536d93a680a,"13 - Appearance, Character and Behavior",take a joke,/teɪk ə dʒəʊk/,dictionary+fixed_function
ad1d0fcd-99a9-4b5a-b8e1-3c92ba7d0606,"13 - Appearance, Character and Behavior",think nothing of something,/θɪŋk ˈnəθɪŋ əv ˈsamθɪŋ/,dictionary+eng_to_ipa+fixed_function
e91cf6a2-ab8a-423d-b1e0-930e551d9c01,"13 - Appearance, Character and Behavior",a loose cannon,/ə lus ˈkæn.ən/,dictionary+eng_to_ipa+fixed_function
e3796337-5ade-4289-8831-26fd27d3f150,"13 - Appearance, Character and Behavior",a wet blanket,/ə wɛt ˈblæŋkɪt/,dictionary+fixed_function
4b41017a-a642-4679-a9e6-fd4b5e8fe2a7,"13 - Appearance, Character and Behavior",act the fool,/ækt ðə fuːl/,dictionary+eng_to_ipa+fixed_function
1430d36b-701b-470a-9194-5a5c99604dca,"13 - Appearance, Character and Behavior",play the fool,/pleɪ ðə fuːl/,dictionary+eng_to_ipa+fixed_function
e161ac91-8469-4e2b-8623-2b30ed050344,"13 - Appearance, Character and Behavior",cross the line,/krɔs ðə laɪn/,eng_to_ipa+fixed_function
3227abae-9834-47ee-ba54-7f4f04dc075d,"13 - Appearance, Character and Behavior",dressed to kill,/ˈdɹɛst tə kɪl/,dictionary+fixed_function
3bb71c7e-4e68-4923-969f-ac9c1df08eca,"13 - Appearance, Character and Behavior",eat someone for breakfast,/iːt ˈsəmˌwən fə ˈbɹɛkfəst/,dictionary+eng_to_ipa+fixed_function
ace7d62b-ebd3-49a3-b50b-875575c0f588,"13 - Appearance, Character and Behavior",go too far,/goʊ tu fɑr/,eng_to_ipa
b70b6dbf-f547-4b41-a1f8-0425e1597cb7,"13 - Appearance, Character and Behavior",highly strung,/ˈhaɪli ˈstɹʌŋ/,dictionary+eng_to_ipa
a86afdef-cfef-4e7d-97ce-90473f405c57,"13 - Appearance, Character and Behavior",look out for number one,/lʊk aʊt fə ˈnʌmbə wən/,dictionary+eng_to_ipa+fixed_function
17dd19a8-51df-45b1-987c-536a1d4e5d36,"13 - Appearance, Character and Behavior",make a fool of someone,/meɪk ə fuːl əv ˈsəmˌwən/,dictionary+eng_to_ipa+fixed_function
d12e7703-23e5-42f2-9e0f-ade1a941cf32,"13 - Appearance, Character and Behavior",put on an act,/pʊt ɔn ən ækt/,eng_to_ipa+fixed_function
3874f51c-3209-4901-b595-344141048456,"13 - Appearance, Character and Behavior",skin and bones,/skɪn ən bəʊnz/,dictionary+fixed_function
6a289433-d852-4b55-956f-61dba25f22fe,"13 - Appearance, Character and Behavior",stick to one's guns,/stɪk tə wənz gənz/,dictionary+eng_to_ipa+fixed_function
e054aec5-b278-422b-ad90-a25badddafc7,"13 - Appearance, Character and Behavior",straight arrow,/streɪt ˈæɹ.əʊ/,dictionary+eng_to_ipa
a1309de7-745e-4dd5-a78e-9d96341cd5b8,"13 - Appearance, Character and Behavior",strike a pose,/straɪk ə pəʊz/,dictionary+eng_to_ipa+fixed_function
5ba71cb8-7bed-47a5-9a84-67fa94bd08f3,"13 - Appearance, Character and Behavior",strike an attitude,/straɪk ən ˈætəˌtud/,eng_to_ipa+fixed_function
98dc634b-a18c-4054-8c35-d90580a0f727,"13 - Appearance, Character and Behavior",take something personally,/teɪk ˈsamθɪŋ ˈpɜːsnəli/,dictionary
2044fc35-3ae6-40ad-a2a7-e4bdeb2ee358,14 - Parts of the Body,a change of heart,/ə ʧeɪnʤ əv hɑːt/,dictionary+eng_to_ipa+fixed_function
252f5c5c-a7f6-49fd-976f-0c4c93c5ae26,14 - Parts of the Body,absence makes the heart grow fonder,/ˈæb.s(ə)n̩s meɪks ðə hɑːt groʊ ˈfɑndər/,dictionary+eng_to_ipa+fixed_function
4c16ca4a-a980-4503-b267-24079a562f0e,14 - Parts of the Body,at heart,/ət hɑːt/,dictionary+fixed_function
f764a6f1-ab43-41da-9bee-a621d751efce,14 - Parts of the Body,be etched on your heart,/bi ɛʧt ɔn jʊr hɑːt/,dictionary+eng_to_ipa
bb73a80c-a2ca-4f0e-b0fa-ddb556ee6608,14 - Parts of the Body,be etched on your mind,/bi ɛʧt ɔn jʊr maɪnd/,eng_to_ipa
a6bef171-b5d9-472e-917e-b92602052654,14 - Parts of the Body,be etched on your memory,/bi ɛʧt ɔn jʊr ˈmɛm(ə)ɹi/,dictionary+eng_to_ipa
67925b55-38eb-4d19-9b40-55323fd9c5e8,14 - Parts of the Body,break somebody's heart,/breɪk ˈsəmˌbɑdiz hɑːt/,dictionary+eng_to_ipa
98fe4e8f-671e-461f-bc3f-9c6089ec072d,14 - Parts of the Body,by heart,/baɪ hɑːt/,dictionary+eng_to_ipa
c4131a0e-45d1-4b6b-a3a6-8fcba412b5a7,14 - Parts of the Body,close to somebody's heart,/kloʊz tə ˈsəmˌbɑdiz hɑːt/,dictionary+eng_to_ipa+fixed_function
1c0ff119-af14-4f4d-95b2-d87799499848,14 - Parts of the Body,near to somebody's heart,/nɪə(ɹ) tə ˈsəmˌbɑdiz hɑːt/,dictionary+eng_to_ipa+fixed_function
8fead2d1-a256-4d37-8169-2de643f1dced,14 - Parts of the Body,dear to somebody's heart,/dɪr tə ˈsəmˌbɑdiz hɑːt/,dictionary+eng_to_ipa+fixed_function
16e8d859-b54d-4214-9036-0a9ac3f6bf5f,04 - Success and Failure,a blessing in disguise,/ə ˈblɛs.ɪŋ ɪn dɪsˈɡaɪz/,dictionary+eng_to_ipa+fixed_function
1191d4a5-3e37-4525-ae4f-727513bb26a4,14 - Parts of the Body,cross my heart(and hope to die),/krɔs mi hɑːt ən həʊp tə daɪ/,dictionary+eng_to_ipa+fixed_function
a756e08e-3997-457c-ab38-94ca7b66f4d0,14 - Parts of the Body,eat your heart out!,/iːt jʊr hɑːt aʊt/,dictionary+eng_to_ipa
375a828e-b33b-44c8-91a0-676ed92c3b31,14 - Parts of the Body,find it in your heart to do something,/faɪnd ɪt ɪn jʊr hɑːt tə dʉː ˈsamθɪŋ/,dictionary+eng_to_ipa+fixed_function
01b2e1fe-226a-4dfa-96f3-ffa99b16cc0c,14 - Parts of the Body,find it in your yourself to do something,/faɪnd ɪt ɪn jʊr ˈjɔrsɛlf tə dʉː ˈsamθɪŋ/,dictionary+eng_to_ipa+fixed_function
9d8b7eea-997f-4f4b-b351-c7d2f2415adb,14 - Parts of the Body,from the (bottom of your)heart,/frəm ðə ˈbɑtəm əv jʊr hɑːt/,dictionary+eng_to_ipa+fixed_function
3c40f9a6-497e-4b88-9df7-99233921d001,14 - Parts of the Body,give somebody(fresh)heart,/gɪv ˈsəmˌbɑdi fɹɛʃ hɑːt/,dictionary+eng_to_ipa
0cfedc0f-28c9-4fcd-ae70-c4e82cdbe877,14 - Parts of the Body,give your heart to somebody,/gɪv jʊr hɑːt tə ˈsəmˌbɑdi/,dictionary+eng_to_ipa+fixed_function
68891f83-c9a2-48da-8938-06e16dde51c9,14 - Parts of the Body,have a heart of gold,/hæv ə hɑːt əv ɡɒʊld/,dictionary+eng_to_ipa+fixed_function
568d73a1-5f79-4e66-a4cc-85111a383afb,14 - Parts of the Body,have a heart of stone,/hæv ə hɑːt əv stɐʉn/,dictionary+eng_to_ipa+fixed_function
2bad9175-2afe-4cbd-8093-9cf13b8c0be7,14 - Parts of the Body,have a heart!,/hæv ə hɑːt/,dictionary+eng_to_ipa+fixed_function
8b83ea13-0b92-408f-9b37-5ac812bc13e4,14 - Parts of the Body,have somebody's interests at heart,/hæv ˈsəmˌbɑdiz ˈɪnt(ə)ɹɪsts ət hɑːt/,dictionary+eng_to_ipa+fixed_function
612d8183-ebb9-4e28-a19b-99111f55a4b4,14 - Parts of the Body,have a place in somebody's heart,/hæv ə pleɪs ɪn ˈsəmˌbɑdiz hɑːt/,dictionary+eng_to_ipa+fixed_function
e98fa652-a742-42b8-b410-fe33504d0dec,14 - Parts of the Body,hold a place in somebody's heart,/hoʊld ə pleɪs ɪn ˈsəmˌbɑdiz hɑːt/,dictionary+eng_to_ipa+fixed_function
783415a1-985d-4447-ac39-db7150c71507,14 - Parts of the Body,heart and soul,/hɑːt ən soʊl/,dictionary+eng_to_ipa+fixed_function
03471f2f-5772-44a4-8b25-031bc8e977c9,14 - Parts of the Body,my heart bleeds(for somebody),/mi hɑːt ˈbliːdz fə ˈsəmˌbɑdi/,dictionary+eng_to_ipa+fixed_function
791273d5-7f4c-425e-9112-64a67600eefa,14 - Parts of the Body,somebody's heart is in the right place,/ˈsəmˌbɑdiz hɑːt ɪz ɪn ðə raɪt pleɪs/,dictionary+eng_to_ipa+fixed_function
f570d19c-adf3-4820-9a98-1e11ed7d0a86,14 - Parts of the Body,somebody's heart is in their mouth,/ˈsəmˌbɑdiz hɑːt ɪz ɪn ðɛr maʊθ/,dictionary+eng_to_ipa
a2e147d4-fb1d-4ffc-a976-27bed4f368b8,14 - Parts of the Body,somebody's heart leaps,/ˈsəmˌbɑdiz hɑːt liːps/,dictionary+eng_to_ipa
a26a90bf-9e6c-4e18-a74f-44248af0c944,14 - Parts of the Body,your heart goes out to somebody,/jʊr hɑːt ɡəʊz aʊt tə ˈsəmˌbɑdi/,dictionary+eng_to_ipa+fixed_function
e56c7645-dfc6-490a-bef1-2e10fcafcebc,14 - Parts of the Body,your heart is not in something,/jʊr hɑːt ɪz nɑt ɪn ˈsamθɪŋ/,dictionary+eng_to_ipa
5ac88e7b-b2e1-4269-8707-e0e31ed60799,14 - Parts of the Body,a man after your own heart,/ə mɛn ˈæf.tə(ɹ) jʊr oʊn hɑːt/,dictionary+eng_to_ipa+fixed_function
12b72e51-389b-4c1c-87c4-ec5e66f2214f,14 - Parts of the Body,a woman after your own heart,/ə ˈwʊmɘn ˈæf.tə(ɹ) jʊr oʊn hɑːt/,dictionary+eng_to_ipa+fixed_function
03dd375f-ebd5-4649-9bd8-31242a54f1e5,14 - Parts of the Body,home is where the heart is,/hoʊm ɪz wɛə(ɹ) ðə hɑːt ɪz/,dictionary+eng_to_ipa+fixed_function
70bd691f-d41f-40ec-9c7b-3887e733f7d3,14 - Parts of the Body,in your heart(of hearts),/ɪn jʊr hɑːt əv hɑː(ɹ)ts/,dictionary+eng_to_ipa+fixed_function
d59b2ae3-072d-4416-9ba8-ec7bfba51802,14 - Parts of the Body,it does somebody's heart good (to do something),/ɪt dɪz ˈsəmˌbɑdiz hɑːt gʊd tə dʉː ˈsamθɪŋ/,dictionary+eng_to_ipa+fixed_function
b4f3449e-8e79-419d-96b8-d7db4be48dc4,14 - Parts of the Body,lose heart,/luz hɑːt/,dictionary+eng_to_ipa
15082243-1789-41d8-bc4d-6f1e17df5c6a,14 - Parts of the Body,lose your heart(to somebody),/luz jʊr hɑːt tə ˈsəmˌbɑdi/,dictionary+eng_to_ipa+fixed_function
c937d2c6-7b87-4a68-92bb-83c184c0653a,14 - Parts of the Body,lose your heart(to something),/luz jʊr hɑːt tə ˈsamθɪŋ/,dictionary+eng_to_ipa+fixed_function
8268cecf-33c6-49dd-bdb5-49d7986ac20c,14 - Parts of the Body,not have the heart(to do something),/nɑt hæv ðə hɑːt tə dʉː ˈsamθɪŋ/,dictionary+eng_to_ipa+fixed_function
849dfe41-2490-4cc3-9c77-e3d1aa5d7c55,03 - Starting and Finishing,bring a halt to sth,/brɪŋ ə hɔlt tə ˈsamθɪŋ/,dictionary+eng_to_ipa+fixed_function
9def37a3-87b1-4323-9f18-f952b48ec75a,14 - Parts of the Body,out of the goodness of your heart,/aʊt əv ðə ˈɡʊdnəs əv jʊr hɑːt/,dictionary+eng_to_ipa+fixed_function
b86a59dc-8b53-44c4-8f50-00a541b137ac,14 - Parts of the Body,pour out your heart to somebody,/pɔr aʊt jʊr hɑːt tə ˈsəmˌbɑdi/,dictionary+eng_to_ipa+fixed_function
c26a7f24-f3be-49f4-861a-64b7809a028f,14 - Parts of the Body,pour open your heart to somebody,/pɔr ˈoʊpən jʊr hɑːt tə ˈsəmˌbɑdi/,dictionary+eng_to_ipa+fixed_function
5fcae019-a6a5-4b85-a69f-6849ac14ff4b,14 - Parts of the Body,set your heart on something |have your heart set on something,/sɛt jʊr hɑːt ɔn ˈsamθɪŋ hæv jʊr hɑːt sɛt ɔn ˈsamθɪŋ/,dictionary+eng_to_ipa
0f01a217-5e40-4199-b451-5c65ac74d859,14 - Parts of the Body,sick at heart,/sɪk ət hɑːt/,dictionary+fixed_function
f3792c5a-8a9e-4679-9042-4786969a5beb,14 - Parts of the Body,sob your heart out,/sɒb jʊr hɑːt aʊt/,dictionary+eng_to_ipa
7e5228f5-dd1c-4025-bd33-576b473d8f7b,14 - Parts of the Body,somebody's heart misses a beat,/ˈsəmˌbɑdiz hɑːt ˈmɪsɪz ə biːt/,dictionary+eng_to_ipa+fixed_function
fab2e0ef-c5ff-429f-af8a-1dc4b4a65d18,14 - Parts of the Body,somebody's heart skips a beat,/ˈsəmˌbɑdiz hɑːt skɪps ə biːt/,dictionary+eng_to_ipa+fixed_function
eb691520-8b72-431e-ae5f-b61f953ed726,14 - Parts of the Body,somebody's heart sinks,/ˈsəmˌbɑdiz hɑːt sɪŋks/,dictionary+eng_to_ipa
85cfe6b7-9325-4b06-a077-c64ee2be53b6,14 - Parts of the Body,steal somebody's heart,/stiːl ˈsəmˌbɑdiz hɑːt/,dictionary+eng_to_ipa
c40536b5-a572-42e5-be71-375248f8e42b,14 - Parts of the Body,"strike fear,etc.into somebody heart",/straɪk fɪə ˌɛtˈsɛtərə ˈɪntu ˈsəmˌbɑdi hɑːt/,dictionary+eng_to_ipa
a6b705d6-a051-49e6-b34e-c1176305e3b4,14 - Parts of the Body,"strike fear,etc.into sb's heart",/straɪk fɪə ˌɛtˈsɛtərə ˈɪntu ˈsəmˌbɑdiz hɑːt/,dictionary+eng_to_ipa
cab91380-be2f-4a60-a586-bec8be8fa516,14 - Parts of the Body,take heart (from something),/teɪk hɑːt frəm ˈsamθɪŋ/,dictionary+fixed_function
e7d68ef2-c216-45be-93ae-67e9d1af9bd1,14 - Parts of the Body,take something to heart,/teɪk ˈsamθɪŋ tə hɑːt/,dictionary+fixed_function
68611c21-5e5c-4a37-b5f3-ae01d291b409,14 - Parts of the Body,tear at your heart|tear your heart out,/tɪr ət jʊr hɑːt tɪr jʊr hɑːt aʊt/,dictionary+eng_to_ipa+fixed_function
ad833f63-57fa-4653-bf58-2a75363ee77e,14 - Parts of the Body,tear the heart out of something,/tɪr ðə hɑːt aʊt əv ˈsamθɪŋ/,dictionary+eng_to_ipa+fixed_function
052e1b17-5651-4156-a935-118300f3f4c4,14 - Parts of the Body,rip the heart out of something,/ɹɪp ðə hɑːt aʊt əv ˈsamθɪŋ/,dictionary+eng_to_ipa+fixed_function
9b28850e-c7bd-4df5-bacc-3f2140460dc6,14 - Parts of the Body,to your heart's content,/tə jʊr hɑrts kənˈtɛnt/,dictionary+eng_to_ipa+fixed_function
c96bc0f2-f8df-4bef-a2e0-48813d3aa9cf,14 - Parts of the Body,the way to somebody's heart,/ðə weɪ tə ˈsəmˌbɑdiz hɑːt/,dictionary+eng_to_ipa+fixed_function
4eecbad8-56d3-4dc6-9da7-749592f0a936,14 - Parts of the Body,warm the cockles(of somebody's heart),/wɔːm ðə ˈkɑkəlz əv ˈsəmˌbɑdiz hɑːt/,dictionary+eng_to_ipa+fixed_function
59a0c4fa-cf70-4e4d-9538-a2d555ab6910,14 - Parts of the Body,win somebody's heart,/wɪn ˈsəmˌbɑdiz hɑːt/,dictionary+eng_to_ipa
fbef0eca-1898-40da-9278-190724f89ee4,14 - Parts of the Body,with all your heart whole heart,/wɪθ ɔl jʊr hɑːt həʊl hɑːt/,dictionary+eng_to_ipa
4879b2da-af64-43fb-a0a7-ebfae04dea55,14 - Parts of the Body,with all your your whole heart,/wɪθ ɔl jʊr jʊr həʊl hɑːt/,dictionary+eng_to_ipa
bca99d9c-3406-44c5-8b5f-0ae166944414,14 - Parts of the Body,young at heart,/jʌŋ ət hɑːt/,dictionary+fixed_function
5cba33f2-6e00-4fcb-a979-36afb31e1b6b,14 - Parts of the Body,a bag of bones,/ə bæg əv bəʊnz/,dictionary+eng_to_ipa+fixed_function
f4817fcb-f21d-4ca4-b1d9-54160d6abd74,14 - Parts of the Body,a bone of contention,/ə bəʉn əv kənˈtɛnʃən/,dictionary+fixed_function
cccbab64-a3ba-4534-ab52-2c1e986e2c4f,14 - Parts of the Body,a shoulder to cry on,/ə ˈʃoʊldər tə kraɪ ɔn/,eng_to_ipa+fixed_function
fa3e92da-1718-4a65-aa6d-d96263e81e5d,14 - Parts of the Body,be looking over your shoulder,/bi ˈlʊkɪŋ ˈoʊvər jʊr ˈʃoʊldər/,dictionary+eng_to_ipa
1ac4fab5-8392-438b-b060-752d3f692823,14 - Parts of the Body,be head and shoulders above somebody,/bi hɛd ən ˈʃəʊldəz əˈbʌv ˈsəmˌbɑdi/,dictionary+eng_to_ipa+fixed_function
1cbd0cc9-1d7a-494a-a834-81f4c418f2c5,14 - Parts of the Body,be head and shoulders above something,/bi hɛd ən ˈʃəʊldəz əˈbʌv ˈsamθɪŋ/,dictionary+eng_to_ipa+fixed_function
7d4ccec9-7720-4154-b00b-902707bab29c,14 - Parts of the Body,stand head and shoulders above somebody,/stænd hɛd ən ˈʃəʊldəz əˈbʌv ˈsəmˌbɑdi/,dictionary+eng_to_ipa+fixed_function
2c7a9424-6da0-481d-98ca-fc5aff3c7c3d,14 - Parts of the Body,stand head and shoulders above something,/stænd hɛd ən ˈʃəʊldəz əˈbʌv ˈsamθɪŋ/,dictionary+eng_to_ipa+fixed_function
52f5d490-9184-4fab-ab4a-f40b618f4c32,14 - Parts of the Body,close to the bone,/kloʊz tə ðə bəʉn/,dictionary+eng_to_ipa+fixed_function
96b25836-e3e8-490c-b7e9-dbe3f3cd8207,14 - Parts of the Body,"cut,pare,etc.something to the bone",/kət peə(ɹ) ˌɛtˈsɛtərə ˈsamθɪŋ tə ðə bəʉn/,dictionary+eng_to_ipa+fixed_function
446ce97a-d717-4fb7-80e4-8c30f1f48f4e,14 - Parts of the Body,feel (it)in your bones (that..),/fil ɪt ɪn jʊr bəʊnz ðət/,dictionary+eng_to_ipa+fixed_function
9f53a9c2-6bac-44e0-b32a-269184dcc18b,14 - Parts of the Body,give somebody the cold shoulder,/gɪv ˈsəmˌbɑdi ðə koʊld ˈʃoʊldər/,eng_to_ipa+fixed_function
3bf7639f-febb-4d7c-9d0e-3deb65738518,14 - Parts of the Body,have a bone to pick with somebody,/hæv ə bəʉn tə pɪk wɪθ ˈsəmˌbɑdi/,dictionary+eng_to_ipa+fixed_function
1c5088ee-7e61-47a4-84a2-da13dd1b8ea4,14 - Parts of the Body,have a chip on your shoulder (about something),/hæv ə ʧɪp ɔn jʊr ˈʃoʊldər əˈbaʊt ˈsamθɪŋ/,dictionary+eng_to_ipa+fixed_function
cff41db8-f1e8-49b9-a7f8-e9f4db23fb0d,14 - Parts of the Body,have a good head on your shoulders,/hæv ə gʊd hɛd ɔn jʊr ˈʃəʊldəz/,dictionary+eng_to_ipa+fixed_function
5159d3cf-156e-472d-9fde-a7b821f94f8c,14 - Parts of the Body,make no bones about(doing)something,/meɪk nəʊ bəʊnz əˈbaʊt duɪŋ ˈsamθɪŋ/,dictionary+eng_to_ipa
246213ab-5d8f-4ba6-89dd-931032755f7c,14 - Parts of the Body,not have a...bone in your body,/nɑt hæv ə bəʉn ɪn jʊr ˈbɒdi/,dictionary+eng_to_ipa+fixed_function
e4de8e42-4f7d-4775-9ef4-a5ffae25e548,14 - Parts of the Body,on somebody's shoulders,/ɔn ˈsəmˌbɑdiz ˈʃəʊldəz/,dictionary+eng_to_ipa
2e141802-b06e-45c2-8964-26ae5ed40f05,14 - Parts of the Body,put flesh on (the bones of)something,/pʊt flɛʃ ɔn ðə bəʊnz əv ˈsamθɪŋ/,dictionary+eng_to_ipa+fixed_function
37867c93-f0a1-4169-9f1a-c079446cd902,14 - Parts of the Body,put your shoulder to the wheel,/pʊt jʊr ˈʃoʊldər tə ðə ʍiːl/,dictionary+eng_to_ipa+fixed_function
b3da08ae-6466-4a35-abe0-07be46907bff,14 - Parts of the Body,rub shoulders with somebody,/ɹʌb ˈʃəʊldəz wɪθ ˈsəmˌbɑdi/,dictionary+eng_to_ipa
642a7bb3-caf6-4be5-9ad6-557cb2db01d3,14 - Parts of the Body,shoulder to shoulder(with somebody),/ˈʃoʊldər tə ˈʃoʊldər wɪθ ˈsəmˌbɑdi/,eng_to_ipa+fixed_function
06a73c6b-5b7e-4707-b849-1705a8d374e7,14 - Parts of the Body,straight from the shoulder,/streɪt frəm ðə ˈʃoʊldər/,eng_to_ipa+fixed_function
b1f65fc8-8d43-4a76-b765-15e729af3ca6,14 - Parts of the Body,to the bone,/tə ðə bəʉn/,dictionary+fixed_function
ddc38439-170c-478e-8385-33a918f2a3fc,14 - Parts of the Body,the bare bones (of something),/ðə bɛə(ɹ) bəʊnz əv ˈsamθɪŋ/,dictionary+fixed_function
d4f4012d-8880-4511-a9bd-62a1106f7e5f,14 - Parts of the Body,throw somebody a bone,/θroʊ ˈsəmˌbɑdi ə bəʉn/,dictionary+eng_to_ipa+fixed_function
1b0f9402-74ba-4ae7-9fe0-62650762403a,14 - Parts of the Body,a pain in the neck,/ə peɪn ɪn ðə nɛk/,dictionary+eng_to_ipa+fixed_function
ca386503-c06f-4bb7-a785-311030e31caf,14 - Parts of the Body,bad blood (between A and B),/bæːd blʊd bɪtˈwin ə ən bi/,dictionary+eng_to_ipa+fixed_function
17c7d6cb-4a0e-448e-b6ff-d098f87a6b5a,14 - Parts of the Body,be (like)a millstone around someone's neck,/bi laɪk ə ˈmɪlstəʊn əraʊnd ˈsəmˌwənz nɛk/,dictionary+eng_to_ipa+fixed_function
959e7562-61eb-4c9c-b58e-0a8aeee631c7,14 - Parts of the Body,be after for somebody's blood,/bi ˈæf.tə(ɹ) fə ˈsəmˌbɑdiz blʊd/,dictionary+eng_to_ipa+fixed_function
970a89ce-ef5f-4634-8753-07278f6ffa9a,14 - Parts of the Body,be out for somebody's blood,/bi aʊt fə ˈsəmˌbɑdiz blʊd/,dictionary+eng_to_ipa+fixed_function
70c8a459-add4-49ec-a242-b9141b8e2205,14 - Parts of the Body,be up to your neck in something,/bi əp tə jʊr nɛk ɪn ˈsamθɪŋ/,dictionary+eng_to_ipa+fixed_function
98ce1f2d-9c4c-4789-8bf4-bb009ede2451,14 - Parts of the Body,be in your blood,/bi ɪn jʊr blʊd/,dictionary+eng_to_ipa
a80f29ab-d272-416e-8c0d-4a8897291f4e,14 - Parts of the Body,run in your blood,/rən ɪn jʊr blʊd/,dictionary+eng_to_ipa
54b99340-1afe-4224-b151-fbe196ef9665,14 - Parts of the Body,blood is thicker than water,/blʊd ɪz ˈθɪkər ðən ˈwɔtər/,dictionary+eng_to_ipa+fixed_function
c6fe4251-a063-489b-a305-25cc0af3936d,14 - Parts of the Body,"blood,sweat,and tears",/blʊd swɛt ən tiːɹz/,dictionary+fixed_function
58cb38ff-b09a-429a-b8d2-709ec2b9e8a9,14 - Parts of the Body,by a neck,/baɪ ə nɛk/,dictionary+eng_to_ipa+fixed_function
c9bf63e5-6eee-4066-80e6-7ece7bfb0908,14 - Parts of the Body,by the scruff of the,/baɪ ðə skɹʌf əv ðə/,dictionary+eng_to_ipa+fixed_function
389ee9b0-acb4-4bb0-9709-531c28b34523,14 - Parts of the Body,your neck,/jʊr nɛk/,dictionary+eng_to_ipa
9ea164ff-2b86-475f-bba6-d25a06bf65c5,14 - Parts of the Body,flesh and blood,/flɛʃ ən blʊd/,dictionary+eng_to_ipa+fixed_function
ed3170e6-cae7-40e3-9628-28098a8f9772,14 - Parts of the Body,freeze your blood make your blood freeze,/ˈfɹiːz jʊr blʊd meɪk jʊr blʊd ˈfɹiːz/,dictionary+eng_to_ipa
5d620d1a-cc6b-46bc-8570-a15053ac1077,14 - Parts of the Body,get it in the neck,/gɪt ɪt ɪn ðə nɛk/,dictionary+eng_to_ipa+fixed_function
081e6ea8-ab30-429f-bc13-50974a42875d,14 - Parts of the Body,have somebody's blood on your hands,/hæv ˈsəmˌbɑdiz blʊd ɔn jʊr hæn(d)z/,dictionary+eng_to_ipa
dd948945-0194-4511-8724-250543ee82d1,14 - Parts of the Body,in cold blood,/ɪn koʊld blʊd/,dictionary+eng_to_ipa
c52a561c-bfa9-402f-b7fa-96d158e4358f,14 - Parts of the Body,like getting blood out of,/laɪk ˈɡɛɾɪŋ blʊd aʊt əv/,dictionary+eng_to_ipa+fixed_function
d0850c4c-58c3-47c9-91f0-41d5f7072ab0,14 - Parts of the Body,from a stone,/frəm ə stɐʉn/,dictionary+fixed_function
1efe28ea-2cfd-42fb-8ce7-11eeaf14624e,14 - Parts of the Body,make somebody's blood boil,/meɪk ˈsəmˌbɑdiz blʊd bɔɪl/,dictionary+eng_to_ipa
2f5bf24f-f15a-4904-a81f-048fd1bd4c6c,14 - Parts of the Body,make somebody's blood run cold,/meɪk ˈsəmˌbɑdiz blʊd rən koʊld/,dictionary+eng_to_ipa
4193e7a8-7ce3-4f08-ba55-069723932540,14 - Parts of the Body,neck and neck,/nɛk ən nɛk/,dictionary+fixed_function
f8ae79ec-69f3-49a2-88c5-6862eea9474b,14 - Parts of the Body,new blood,/nu blʊd/,dictionary+eng_to_ipa
d58c1128-6003-44f9-b371-1341b840c611,14 - Parts of the Body,fresh blood,/fɹɛʃ blʊd/,dictionary
8bd21dbc-6de9-4739-9f1a-c01b0deb043b,14 - Parts of the Body,put your neck on the line,/pʊt jʊr nɛk ɔn ðə laɪn/,dictionary+eng_to_ipa+fixed_function
e48e1de8-96c0-4b2d-8008-ff4ae9be0d8e,14 - Parts of the Body,save somebody's bacon,/seɪv ˈsəmˌbɑdiz ˈbeɪkən/,dictionary+eng_to_ipa
8719dd94-3e39-4c91-b8cf-ffcf5573e023,14 - Parts of the Body,save somebody's neck,/seɪv ˈsəmˌbɑdiz nɛk/,dictionary+eng_to_ipa
77f74529-9e9b-4237-8534-9250d498c519,14 - Parts of the Body,somebody's blood is up,/ˈsəmˌbɑdiz blʊd ɪz əp/,dictionary+eng_to_ipa
3b1cab8d-3acc-49ec-a439-62bb8fe01351,14 - Parts of the Body,spill (somebody's)blood,/spɪl ˈsəmˌbɑdiz blʊd/,dictionary+eng_to_ipa
a3849365-cb82-4b29-b781-7dc2b180d79d,14 - Parts of the Body,spit venom,/spɪt ˈvɛnəm/,dictionary
3334e8f2-cc09-4f70-ac1c-89792a2efa2e,14 - Parts of the Body,spit blood,/spɪt blʊd/,dictionary
92ceefd0-3260-47e7-a328-b99faf16609d,14 - Parts of the Body,stick your neck out,/stɪk jʊr nɛk aʊt/,dictionary+eng_to_ipa
8f8887fc-240a-46ec-97ae-fd1f549327c3,14 - Parts of the Body,stir the blood,/stɜː ðə blʊd/,dictionary+fixed_function
a9fce13c-5987-4626-a951-eb49adb0e0a2,14 - Parts of the Body,sweat blood,/swɛt blʊd/,dictionary
fb230422-3dca-47c5-b9a1-e8ad24696813,14 - Parts of the Body,"this,our,etc.neck of the woods",/ðəs ɑr ˌɛtˈsɛtərə nɛk əv ðə wʊdz/,dictionary+eng_to_ipa+fixed_function
d0f882ca-9574-498d-90a7-1a8c7e8f7a41,14 - Parts of the Body,wring something's neck,/rɪŋ ˈsəmθɪŋz nɛk/,dictionary+eng_to_ipa
eee03c9d-d473-4f23-b8fc-12dd4adc2976,14 - Parts of the Body,your (own)flesh and blood,/jʊr oʊn flɛʃ ən blʊd/,dictionary+eng_to_ipa+fixed_function
fd71e434-ae62-4b1b-8050-784512beb71f,14 - Parts of the Body,avoid eye contact,/əˈvɔɪd aɪ ˈkɑnˌtækt/,eng_to_ipa
6451a3cd-7b00-41d7-9c5c-f8a2c98d1f37,14 - Parts of the Body,blocked nose,/blɑkt nəʊz/,dictionary+eng_to_ipa
ef7e467a-9acf-492d-84a3-c640b438e852,14 - Parts of the Body,runny nose,/ˈrəni nəʊz/,dictionary+eng_to_ipa
3f0116c9-167e-48ff-920b-f037b5d55495,14 - Parts of the Body,blow one's nose,/bloʊ wənz nəʊz/,dictionary+eng_to_ipa
6041d6fb-b676-4100-b68f-82504d3062a9,14 - Parts of the Body,brain cells,/breɪn sɛlz/,eng_to_ipa
1ccbdecb-d5f8-480c-8b13-0a639205c80b,14 - Parts of the Body,brain tissue,/breɪn ˈtɪʃu/,eng_to_ipa
bab9fb7b-40f7-4ffd-bcbf-4d438c39192a,14 - Parts of the Body,brain damage,/breɪn ˈdæmɪʤ/,eng_to_ipa
3d37eb5d-54cb-4e64-b605-3987cddb42a9,14 - Parts of the Body,brain development,/breɪn dɪˈvɛləpmənt/,eng_to_ipa
eba9200e-9340-4268-b343-b058fa73a5e2,14 - Parts of the Body,brush your teeth,/brəʃ jʊr tiθ/,eng_to_ipa
bea889f3-86d4-4248-8fa4-fc8eca741660,14 - Parts of the Body,clean your teeth,/klin jʊr tiθ/,eng_to_ipa
e0cbd6fb-d937-494c-84ea-457006589717,14 - Parts of the Body,bushy eyebrows,/ˈbʊʃi ˈaɪˌbraʊz/,eng_to_ipa
7b8b70b2-8de9-46a9-b003-47629bc8a4f6,14 - Parts of the Body,dark skin,/dɑrk skɪn/,dictionary+eng_to_ipa
57b2ecfd-1896-40c4-9df0-47328a6fce57,05 - Cause and Effect,attract criticism,/əˈtrækt ˈkɹɪtɪsɪzəm/,dictionary+eng_to_ipa
ef2a2e68-8523-460e-8eed-0c8d988d86ee,14 - Parts of the Body,pale skin,/peɪl skɪn/,dictionary
d237efd4-46b7-4157-bef5-ad74a251a133,14 - Parts of the Body,false teeth,/fɒls tiθ/,dictionary+eng_to_ipa
6f7c08b1-1ae9-4304-bf9a-a65f3d793e9b,14 - Parts of the Body,familiar face,/fəˈmɪljər feɪs/,dictionary+eng_to_ipa
f415566f-c2d9-4bcb-ba64-ddcb3a07d369,14 - Parts of the Body,foam at the mouth,/foʊm ət ðə maʊθ/,eng_to_ipa+fixed_function
b3417e53-07fd-4902-beb2-bf74341792bf,14 - Parts of the Body,froth at the mouth,/frɔθ ət ðə maʊθ/,eng_to_ipa+fixed_function
ba4d16ad-331c-49d5-9e75-212fafb81faf,14 - Parts of the Body,have a clear head,/hæv ə klɪr hɛd/,eng_to_ipa+fixed_function
e65985a0-78af-4073-bd2d-6e771b5aa9af,14 - Parts of the Body,have a tooth out,/hæv ə tuθ aʊt/,eng_to_ipa+fixed_function
1b0ceeb2-d57f-4237-8f9d-11fbeba38559,14 - Parts of the Body,have one's ears pierced,/hæv wənz ɪrz pɪrst/,eng_to_ipa
64a2ce6b-2d0c-4477-b0c5-6b8c0a98b3f8,14 - Parts of the Body,high forehead,/haɪ ˈfɔrhɛd/,eng_to_ipa
62b70ced-973d-4de3-993b-f28652383aa4,14 - Parts of the Body,lose face,/luz feɪs/,dictionary+eng_to_ipa
b3d37c2d-dbb8-4c85-af42-445612e4df2d,14 - Parts of the Body,save face,/seɪv feɪs/,dictionary
81c827ad-9cf1-4b8a-81ff-79ad406057ae,14 - Parts of the Body,make eye contact,/meɪk aɪ ˈkɑnˌtækt/,dictionary+eng_to_ipa
6704adc4-fc34-4364-8a01-4359ced1138f,14 - Parts of the Body,nod one's head,/nɑd wənz hɛd/,eng_to_ipa
08cdd00a-34d4-46d5-b553-e07cea0bd325,14 - Parts of the Body,purse one's lips,/pərs wənz lɪps/,eng_to_ipa
42b2cce9-5b5f-4401-acaf-fa52061bdda3,14 - Parts of the Body,shake one's head,/ʃeɪk wənz hɛd/,eng_to_ipa
bf7cfbf8-5755-46a5-9fc1-bed536737a5e,14 - Parts of the Body,talk with your mouth full,/tɔk wɪθ jʊr maʊθ fʊl/,dictionary+eng_to_ipa
3178d9a0-d684-4d32-b4c5-e38f016a1a92,14 - Parts of the Body,tooth decay,/tuθ dɪˈkeɪ/,eng_to_ipa
242f9de9-36c6-4a6b-8b6b-f349cb6ccf0c,14 - Parts of the Body,broken heart,/ˈbroʊkən hɑːt/,dictionary+eng_to_ipa
8a5315b9-6a8f-4906-8cdf-ecc4d9b84f24,14 - Parts of the Body,broken leg,/ˈbroʊkən lɛg/,eng_to_ipa
2e52b865-70b4-4a9b-93e6-a9b71368f24e,14 - Parts of the Body,chest pains,/ʧɛst peɪnz/,eng_to_ipa
5637b0d2-cd46-437d-af6f-06b4bcf7de8b,14 - Parts of the Body,empty stomach,/ˈɛmti ˈstəmək/,eng_to_ipa
9251ccea-41de-471f-a94d-677aa899ca4b,14 - Parts of the Body,get your hands off something,/gɪt jʊr hæn(d)z ɔf ˈsamθɪŋ/,dictionary+eng_to_ipa
d6268b07-a5a7-4415-a10a-f25a66d89e94,14 - Parts of the Body,good with your hands,/gʊd wɪθ jʊr hæn(d)z/,dictionary+eng_to_ipa
09d351a4-8132-41d2-b43d-5f6545a7a49f,14 - Parts of the Body,have one's leg amputated,/hæv wənz lɛg ˈæmpjəˌteɪtɪd/,eng_to_ipa
930fdf01-dd99-48d6-a244-c76b3a0497b5,14 - Parts of the Body,heart disease,/hɑːt dɪˈziz/,dictionary+eng_to_ipa
cca58e6f-c4e3-47b2-8674-f766b9c33df0,14 - Parts of the Body,heart problems,/hɑːt ˈprɑbləmz/,dictionary+eng_to_ipa
0843852f-95a2-47b4-b753-0b142e5c8d59,14 - Parts of the Body,heart patients,/hɑːt ˈpeɪʃənz/,dictionary+eng_to_ipa
0276ca90-3b6a-454a-b661-97453ec30981,14 - Parts of the Body,heart surgery,/hɑːt ˈsərʤəri/,dictionary+eng_to_ipa
5cc375c7-f454-4fdf-8e50-16746bae0173,14 - Parts of the Body,hold one's hand,/hoʊld wənz hænd/,eng_to_ipa
edb27ee6-1ad7-41e2-8ab5-12050732cc5a,14 - Parts of the Body,in bare feet,/ɪn bɛə(ɹ) fit/,dictionary+eng_to_ipa
3d5932ef-cab1-4404-9e50-bacd6ac95d54,14 - Parts of the Body,in each other's arms,/ɪn iːt͡ʃ ˈəðərz ɑrmz/,dictionary+eng_to_ipa
9d06c368-6597-4e54-9f33-a7904dbc7b7a,14 - Parts of the Body,lung cancer,/ləŋ ˈkænsər/,eng_to_ipa
867aa68b-55b8-4aef-998f-d3bf5d74b7f8,14 - Parts of the Body,on foot,/ɔn fʊt/,eng_to_ipa
2d2ec3ce-5cda-4a8c-9a03-7eefc891d25d,14 - Parts of the Body,settle someone's stomach,/ˈsɛtəl ˈsəmˌwənz ˈstəmək/,eng_to_ipa
91374fae-654e-44cd-a957-5889c058bbc1,14 - Parts of the Body,shake hands,/ʃeɪk hæn(d)z/,dictionary+eng_to_ipa
0f312cd1-44fe-4f5b-baf9-e9157f273654,14 - Parts of the Body,shrug one's shoulders,/ʃrəg wənz ˈʃəʊldəz/,dictionary+eng_to_ipa
939803ba-20a0-4f23-87bc-438aa21a91dd,14 - Parts of the Body,take someone by the hand,/teɪk ˈsəmˌwən baɪ ðə hænd/,dictionary+eng_to_ipa+fixed_function
efa8f6ce-adaa-407f-aa36-f77c2c118988,14 - Parts of the Body,upset stomach,/ˈəpˌsɛt ˈstəmək/,eng_to_ipa
ee1c9cb3-9fe0-4d35-83f1-61c2ba1a0dc0,14 - Parts of the Body,wrap one's arms around somebody,/ɹæp wənz ɑrmz əraʊnd ˈsəmˌbɑdi/,dictionary+eng_to_ipa
3e35355c-0f54-4a89-b16f-c6e1b32475af,14 - Parts of the Body,your heart beats,/jʊr hɑːt biːts/,dictionary+eng_to_ipa
98314f8b-88d3-464b-a144-1ed4773cd341,14 - Parts of the Body,(have)an old head on young shoulders,/hæv ən oʊld hɛd ɔn jʌŋ ˈʃəʊldəz/,dictionary+eng_to_ipa+fixed_function
8dc1e83a-462b-43ef-837a-129cc51ac84c,14 - Parts of the Body,bang your heads together,/bæŋ(ɡ) jʊr hɛdz təˈgɛðər/,dictionary+eng_to_ipa
8b1f093e-05b3-43d6-bdfc-200df83f8252,14 - Parts of the Body,bang their heads together,/bæŋ(ɡ) ðɛr hɛdz təˈgɛðər/,dictionary+eng_to_ipa
47077d24-3ced-4dc9-a2a0-0949c4547148,14 - Parts of the Body,knock your heads together,/nɒk jʊr hɛdz təˈgɛðər/,dictionary+eng_to_ipa
93c0514b-3a23-4f3a-a906-1b70b6a0f51b,14 - Parts of the Body,knock their heads together,/nɒk ðɛr hɛdz təˈgɛðər/,dictionary+eng_to_ipa
68c29ac7-c16e-401d-bae0-ffc5ad62ed73,14 - Parts of the Body,be like a bear with a sore head,/bi laɪk ə bɛr wɪθ ə sɔː hɛd/,dictionary+eng_to_ipa+fixed_function
33c6a3cb-ec0d-49a3-971d-5b062b8e3f9a,14 - Parts of the Body,bury your head in the sand,/ˈbɛri jʊr hɛd ɪn ðə sænd/,eng_to_ipa+fixed_function
d550b754-ab30-4dc2-a9fa-fc89e350ea8c,14 - Parts of the Body,have your head in the sand,/hæv jʊr hɛd ɪn ðə sænd/,eng_to_ipa+fixed_function
7b474db0-0c96-4ed5-ba8e-b0b019ac7b10,14 - Parts of the Body,go over someone's head,/goʊ ˈoʊvər ˈsəmˌwənz hɛd/,eng_to_ipa
c24d04ba-b53b-49c0-8e8b-bbc247e36a52,14 - Parts of the Body,have something on the brain,/hæv ˈsamθɪŋ ɔn ðə breɪn/,dictionary+eng_to_ipa+fixed_function
9f3cea6b-393b-4f81-b080-9dacdd27f288,14 - Parts of the Body,have your head in the clouds,/hæv jʊr hɛd ɪn ðə klaʊdz/,dictionary+eng_to_ipa+fixed_function
0230de21-00b9-412a-9462-0dcccf7a14cd,14 - Parts of the Body,have your head on the block,/hæv jʊr hɛd ɔn ðə blɑk/,eng_to_ipa+fixed_function
34fd653c-d073-49fb-af94-b2fd5cf769a8,14 - Parts of the Body,put your head on the block,/pʊt jʊr hɛd ɔn ðə blɑk/,eng_to_ipa+fixed_function
91da65bd-e7c9-48fe-99aa-a8738d4559e0,14 - Parts of the Body,hit the nail on the head,/hɪt ðə neɪl ɔn ðə hɛd/,dictionary+eng_to_ipa+fixed_function
ad0afa21-ebb3-473b-8bb2-6e1b870bc065,14 - Parts of the Body,keep your head above water,/kiːp jʊr hɛd əˈbʌv ˈwɔtər/,dictionary+eng_to_ipa
fae649db-04ca-43fd-98af-bce95470003d,14 - Parts of the Body,let your heart rule your head,/lɛt jʊr hɑːt rul jʊr hɛd/,dictionary+eng_to_ipa
a81139cb-2924-455b-9efc-bfe744c45469,14 - Parts of the Body,mess with somebody's head,/mɛs wɪθ ˈsəmˌbɑdiz hɛd/,dictionary+eng_to_ipa
53b792e9-5cb6-4a02-be93-c1e9b87e9ece,14 - Parts of the Body,not bother yourself head with,/nɑt ˈbɔðə(ɹ) ˈjɔrsɛlf hɛd wɪθ/,dictionary+eng_to_ipa
272da1f6-07de-43ba-9054-ed103be4dd1c,14 - Parts of the Body,about something,/əˈbaʊt ˈsamθɪŋ/,dictionary+eng_to_ipa
3aca1b5c-d313-422e-bcc4-0be535f1823d,14 - Parts of the Body,not bother your head with,/nɑt ˈbɔðə(ɹ) jʊr hɛd wɪθ/,dictionary+eng_to_ipa
afc5ba38-5fd0-40a0-9029-6158bc0370fc,14 - Parts of the Body,out of,/aʊt əv/,eng_to_ipa+fixed_function
cf991c1f-5326-40b8-8bbb-bffc3a6a8a8f,14 - Parts of the Body,off your head,/ɔf jʊr hɛd/,eng_to_ipa
d5a49a72-3fd7-47f5-99e0-e453de6a9783,14 - Parts of the Body,put our heads together,/pʊt ɑr hɛdz təˈgɛðər/,dictionary+eng_to_ipa
715fa48c-ee30-4be5-bce7-f94496bb444e,14 - Parts of the Body,put their heads together,/pʊt ðɛr hɛdz təˈgɛðər/,dictionary+eng_to_ipa
97558e77-1f7d-45a1-8ecb-d9f20aec321f,14 - Parts of the Body,put your heads together,/pʊt jʊr hɛdz təˈgɛðər/,dictionary+eng_to_ipa
755b2295-9598-4ede-8865-24aa0c4130db,14 - Parts of the Body,scratch your head (over something),/skræʧ jʊr hɛd ˈoʊvər ˈsamθɪŋ/,dictionary+eng_to_ipa
88a1c1a4-902b-475a-a759-627b4fb0c05a,14 - Parts of the Body,stick in your mind,/stɪk ɪn jʊr maɪnd/,dictionary+eng_to_ipa
9d34cc77-1192-49dc-863d-6a8c7e821f2c,14 - Parts of the Body,turn someone's head,/tərn ˈsəmˌwənz hɛd/,eng_to_ipa
d4f1ac9a-7450-492e-bbf3-f6f8056378bc,14 - Parts of the Body,a roof over your head,/ə rʊf ˈoʊvər jʊr hɛd/,eng_to_ipa+fixed_function
abfdf340-8608-4115-b354-8f9e8fce8c38,14 - Parts of the Body,"be banging,etc.your head against a brick wall",/bi ˈbæŋ.ɪŋ ˌɛtˈsɛtərə jʊr hɛd əˈgɛnst ə bɹɪk wɔl/,dictionary+eng_to_ipa+fixed_function
87b0ffbe-24c3-4ca5-aa9e-f5b3598b50a4,14 - Parts of the Body,blow your brains out,/bloʊ jʊr bɹeɪnz aʊt/,dictionary+eng_to_ipa
cf1c4657-c65f-4645-af42-a7228cea2296,14 - Parts of the Body,blow somebody's brains out,/bloʊ ˈsəmˌbɑdiz bɹeɪnz aʊt/,dictionary+eng_to_ipa
285f160f-cbc7-41a0-a6e6-416beed97b8f,14 - Parts of the Body,build up a head of steam,/bɪld əp ə hɛd əv stim/,eng_to_ipa+fixed_function
c90af255-2bcf-43ba-8153-7439c9b91161,14 - Parts of the Body,can't get your head around sth,/kænt gɪt jʊr hɛd əraʊnd ˈsamθɪŋ/,dictionary+eng_to_ipa
f0736376-9e60-40ee-a320-9024f34843d1,14 - Parts of the Body,come to a head,/kəm tə ə hɛd/,eng_to_ipa+fixed_function
e764b26b-b97c-4670-8033-2dae9b312628,14 - Parts of the Body,from head to toe,/frəm hɛd tə təʊ/,dictionary+eng_to_ipa+fixed_function
0c95e326-0fb6-4948-b06a-8136b2006dc9,14 - Parts of the Body,give somebody their head,/gɪv ˈsəmˌbɑdi ðɛr hɛd/,eng_to_ipa
15bf2ed8-c47d-44d8-af88-bad63882e794,14 - Parts of the Body,have your head in a book,/hæv jʊr hɛd ɪn ə buːk/,dictionary+eng_to_ipa+fixed_function
e71d7eaf-bf8e-4533-aeb2-bf1ed34ee8cf,14 - Parts of the Body,have your nose in a book,/hæv jʊr nəʊz ɪn ə buːk/,dictionary+eng_to_ipa+fixed_function
1eb97bfa-5112-44c9-81aa-1b0dbaac9347,14 - Parts of the Body,head in the game,/hɛd ɪn ðə geɪm/,eng_to_ipa+fixed_function
fede03f7-ad23-44fd-8233-4ef784e41edd,14 - Parts of the Body,head over heels(in love),/hɛd ˈoʊvər hiːlz ɪn lʊv/,dictionary+eng_to_ipa
d1e2bffd-c208-491c-b783-be3907b90c8e,14 - Parts of the Body,keep a cool head,/kiːp ə kuːl hɛd/,dictionary+eng_to_ipa+fixed_function
8bb61485-486c-4398-9107-f1acbb79ba93,14 - Parts of the Body,lose your head,/luz jʊr hɛd/,eng_to_ipa
a4016baf-0dd9-4b80-abee-0b7797d97f87,14 - Parts of the Body,need (to have)your head examined,/nid tə hæv jʊr hɛd ɪɡˈzæmɪnd/,dictionary+eng_to_ipa+fixed_function
bab76d41-0a4a-4fe6-9fb3-7cc9b6ad5288,14 - Parts of the Body,touch a hair of somebody's head,/təʧ ə hɛr əv ˈsəmˌbɑdiz hɛd/,eng_to_ipa+fixed_function
4003904a-892e-45ce-952a-a9dbe12d8729,14 - Parts of the Body,pick somebody's brains,/pɪk ˈsəmˌbɑdiz bɹeɪnz/,dictionary+eng_to_ipa
e62481dd-6171-4af6-8274-94db494b7174,14 - Parts of the Body,put ideas into someone's head,/pʊt aɪˈdɪəz ˈɪntu ˈsəmˌwənz hɛd/,dictionary+eng_to_ipa
78c27c51-43a3-40c2-b26d-b3ac2f5f4f5a,14 - Parts of the Body,something rears its(ugly)head,/ˈsamθɪŋ rɪrz ɪts ˈʌɡli hɛd/,dictionary+eng_to_ipa
d8ea3bc5-b218-47a8-a6b4-a0025cfd225e,14 - Parts of the Body,stand something on its head,/stænd ˈsamθɪŋ ɔn ɪts hɛd/,dictionary+eng_to_ipa
b3b95d41-419f-4ece-a9f4-e075d69ae5b5,14 - Parts of the Body,turn something on its head,/tərn ˈsamθɪŋ ɔn ɪts hɛd/,dictionary+eng_to_ipa
1e7b2f0c-4c70-447c-a4bb-b0afbb4cd09f,14 - Parts of the Body,take it into your head to do something,/teɪk ɪt ˈɪntu jʊr hɛd tə dʉː ˈsamθɪŋ/,dictionary+eng_to_ipa+fixed_function
174ceaff-9a6e-4e0b-87ce-74615dc2ab3b,14 - Parts of the Body,a head,/ə hɛd/,eng_to_ipa+fixed_function
952b864c-dff4-4b66-800f-b960ef320944,14 - Parts of the Body,per head,/pɜː(ɹ) hɛd/,dictionary+eng_to_ipa
fd757dc2-08d7-4d05-abd7-f86f4bcb38f3,14 - Parts of the Body,beat your brains out,/biːt jʊr bɹeɪnz aʊt/,dictionary+eng_to_ipa
1743b77d-ca35-4e09-a7ac-7f5d39ec5dd4,14 - Parts of the Body,bite someone's head off,/bʌɪt ˈsəmˌwənz hɛd ɔf/,dictionary+eng_to_ipa
5ab0f9be-14dd-48f6-af17-2da8a6bf29e7,14 - Parts of the Body,snap someone's head off,/snæp ˈsəmˌwənz hɛd ɔf/,dictionary+eng_to_ipa
73a2d1d3-20b2-41dd-9cc5-ddce0b5fc42b,03 - Starting and Finishing,bring sth to a close,/brɪŋ ˈsamθɪŋ tə ə kloʊz/,dictionary+eng_to_ipa+fixed_function
c14e045c-efbb-4b39-b7ea-32805755d20a,14 - Parts of the Body,cudgel your brains,/ˈkʌdʒəl jʊr bɹeɪnz/,dictionary+eng_to_ipa
da56c396-4ccb-445b-a4fd-855d1ddc83e4,14 - Parts of the Body,drum something into somebody's head,/ˈdɹʌm ˈsamθɪŋ ˈɪntu ˈsəmˌbɑdiz hɛd/,dictionary+eng_to_ipa
f8eedc06-60fc-4092-9edd-14665631ab0d,14 - Parts of the Body,get it into your thick head,/gɪt ɪt ˈɪntu jʊr θɪk hɛd/,eng_to_ipa
d97b01b0-ba09-40f4-8ae6-dd61dd3a6554,14 - Parts of the Body,get it through your thick head,/gɪt ɪt θru jʊr θɪk hɛd/,eng_to_ipa
96aa5c1a-dbe8-426c-9a72-2084f4f3a39c,14 - Parts of the Body,go to somebody's head,/goʊ tə ˈsəmˌbɑdiz hɛd/,eng_to_ipa+fixed_function
9cb6107d-61a7-4053-b032-61ee33a51f1f,14 - Parts of the Body,give your head a shake,/gɪv jʊr hɛd ə ʃeɪk/,eng_to_ipa+fixed_function
57ef9e5c-2b92-4dbe-9b83-1c8c4efbce06,14 - Parts of the Body,have a(good)head for something,/hæv ə gʊd hɛd fə ˈsamθɪŋ/,dictionary+eng_to_ipa+fixed_function
2cba0a2c-e107-4b40-906f-4b5e2da96080,14 - Parts of the Body,have eyes in the back of your head,/hæv aɪz ɪn ðə bæk əv jʊr hɛd/,eng_to_ipa+fixed_function
f20ae3a8-ae7e-4b33-8d82-3571516def01,14 - Parts of the Body,"have your business,sensible,etc.head on",/hæv jʊr ˈbɪznɪs ˈsen.sə.bl̩ ˌɛtˈsɛtərə hɛd ɔn/,dictionary+eng_to_ipa
1ba213fc-a085-4ea2-9166-fc4efa5978e9,14 - Parts of the Body,head first,/hɛd fɪrst/,dictionary+eng_to_ipa
40f0570c-0d70-471e-9443-08443d1ed322,14 - Parts of the Body,heads or tails?,/hɛdz ɔː teɪlz/,dictionary+fixed_function
51382396-e422-410f-b639-8aa6eb37f518,14 - Parts of the Body,heads will roll (for something),/hɛdz wɪl roʊl fə ˈsamθɪŋ/,dictionary+eng_to_ipa+fixed_function
d9fac527-e57d-4b13-9f5d-4af2d933170f,14 - Parts of the Body,hold your head high|hold up your head,/hoʊld jʊr hɛd haɪ hoʊld əp jʊr hɛd/,eng_to_ipa
3cd2f472-9e98-4514-b6cd-cb434f1a0652,14 - Parts of the Body,hold a gun to somebody's head,/hoʊld ə ɡʌn tə ˈsəmˌbɑdiz hɛd/,dictionary+eng_to_ipa+fixed_function
94316a0e-6795-4a66-924b-d88ae9bbc61b,14 - Parts of the Body,put a gun to somebody's head,/pʊt ə ɡʌn tə ˈsəmˌbɑdiz hɛd/,dictionary+eng_to_ipa+fixed_function
ac6da1ed-bfe2-4a8d-beb5-103f0b7bd46b,14 - Parts of the Body,keep your head down,/kiːp jʊr hɛd daʊn/,dictionary+eng_to_ipa
a4057ba0-cd54-47a3-a587-548310e2864c,14 - Parts of the Body,laugh your head off,/laːf jʊr hɛd ɔf/,dictionary+eng_to_ipa
89038b58-ff75-4d93-b9cc-4ff7a28df12c,14 - Parts of the Body,off the top of your head,/ɔf ðə tɒp əv jʊr hɛd/,dictionary+eng_to_ipa+fixed_function
021c0ef8-22b6-4b56-8ff9-80cbf9d3f645,14 - Parts of the Body,on your own head be it,/ɔn jʊr oʊn hɛd bi ɪt/,eng_to_ipa
4d703765-55d5-4746-ae65-4c0a9f3be881,14 - Parts of the Body,rack your brain(s),/ɹæk jʊr breɪn ɛs/,dictionary+eng_to_ipa
d4e9cde7-be84-4266-9e22-52dfa25ea660,14 - Parts of the Body,two heads are better than one,/tuː hɛdz ər ˈbɛtər ðən wən/,dictionary+eng_to_ipa+fixed_function
bcda9739-f74c-44b3-b2bb-35677222fdaa,14 - Parts of the Body,use your head,/juz jʊr hɛd/,eng_to_ipa
371f45fc-8204-44a8-8a3d-52babe4acf1d,14 - Parts of the Body,your head is spinning|make your head spin,/jʊr hɛd ɪz ˈspɪnɪŋ meɪk jʊr hɛd spɪn/,dictionary+eng_to_ipa
704a0215-61f7-4854-953b-3a74e4655617,14 - Parts of the Body,a sight for sore eyes,/ə saɪt fə sɔː aɪz/,dictionary+eng_to_ipa+fixed_function
b4e87c02-570b-40fd-bdf5-75607998c4f3,14 - Parts of the Body,an eye for an eye (and a tooth for a tooth),/ən aɪ fə ən aɪ ən ə tuθ fə ə tuθ/,eng_to_ipa+fixed_function
1466cee5-3571-4d18-99f6-8aaef604053e,14 - Parts of the Body,as far as the eye can see,/əz fɑr əz ðə aɪ kən si/,eng_to_ipa+fixed_function
ab62fce7-8193-42a0-a496-d8da23b8180b,14 - Parts of the Body,as far as the eye could see,/əz fɑr əz ðə aɪ kʊd si/,dictionary+eng_to_ipa+fixed_function
d8a42fe7-4da9-4396-acbf-09006edc9dd5,14 - Parts of the Body,bat your eyes,/bæt jʊr aɪz/,dictionary+eng_to_ipa
1722eda8-4415-4b3b-945e-c9b117218bdb,14 - Parts of the Body,bat your eyelashes,/bæt jʊr ˈaɪˌlæʃɪz/,dictionary+eng_to_ipa
3f0b2f2e-999f-45d0-9e85-0f2e5480045e,14 - Parts of the Body,be all eyes,/bi ɔl aɪz/,eng_to_ipa
66924bca-a452-4fe2-92b3-9d6064378595,14 - Parts of the Body,be up to your eyes in something,/bi əp tə jʊr aɪz ɪn ˈsamθɪŋ/,dictionary+eng_to_ipa+fixed_function
9114cc93-d146-41a9-8cd7-b784beed2084,07 - Family,do the shopping,/dʉː ðə ˈʃɒpɪŋ/,dictionary+fixed_function
c7be4048-b25e-422b-8d9d-521c3d6042ed,14 - Parts of the Body,beauty is in the eye of the beholder,/ˈbuːti ɪz ɪn ðə aɪ əv ðə biˈhoʊldər/,dictionary+eng_to_ipa+fixed_function
16e36606-a4dc-4705-a268-418790972017,14 - Parts of the Body,before front of somebody's(very)eyes,/ˌbiˈfɔr frənt əv ˈsəmˌbɑdiz ˈvɛri aɪz/,eng_to_ipa+fixed_function
87beaec5-3d96-4ae0-90d6-9f32532640df,14 - Parts of the Body,in front of somebody's(very)eyes,/ɪn frənt əv ˈsəmˌbɑdiz ˈvɛri aɪz/,eng_to_ipa+fixed_function
dfb3408b-a414-4c05-bd49-12cee2669bfa,14 - Parts of the Body,cast an eye eyes over something,/kæst ən aɪ aɪz ˈoʊvər ˈsamθɪŋ/,dictionary+eng_to_ipa+fixed_function
8fb705c7-d593-4ec3-9898-2f58398ea9b0,14 - Parts of the Body,cast a your eyes over something,/kæst ə jʊr aɪz ˈoʊvər ˈsamθɪŋ/,dictionary+eng_to_ipa+fixed_function
2f11d5c3-5095-4b41-96b5-648165488bc2,14 - Parts of the Body,run an eye eyes over something,/rən ən aɪ aɪz ˈoʊvər ˈsamθɪŋ/,dictionary+eng_to_ipa+fixed_function
015a4ea3-9bc2-4f47-b2b9-6c0a0a4214b9,14 - Parts of the Body,run a your eyes over something,/rən ə jʊr aɪz ˈoʊvər ˈsamθɪŋ/,dictionary+eng_to_ipa+fixed_function
12140372-a2f9-44a1-85e1-82a12c30b88a,14 - Parts of the Body,catch somebody's eye,/kæʧ ˈsəmˌbɑdiz aɪ/,eng_to_ipa
36f44d59-c3bf-4bca-b8ea-7dc0096f9630,14 - Parts of the Body,clap eyes on somebody,/klæp aɪz ɔn ˈsəmˌbɑdi/,eng_to_ipa
25d4f21b-736b-4f8a-b0c2-8bacdbc7192d,14 - Parts of the Body,clap eyes on something,/klæp aɪz ɔn ˈsamθɪŋ/,dictionary+eng_to_ipa
546ae4dc-8f08-4805-948a-2435002a26d1,14 - Parts of the Body,set eyes on somebody,/sɛt aɪz ɔn ˈsəmˌbɑdi/,eng_to_ipa
9ca4fdf8-35f6-4528-8ee1-461255ee57d2,14 - Parts of the Body,set eyes on something,/sɛt aɪz ɔn ˈsamθɪŋ/,dictionary+eng_to_ipa
e4e25f8e-f0f5-4c52-95b3-4360066506a9,14 - Parts of the Body,lay eyes on somebody,/leɪ aɪz ɔn ˈsəmˌbɑdi/,dictionary+eng_to_ipa
7e23ef48-9e89-4fd4-a193-ecfc029518b5,14 - Parts of the Body,lay eyes on something,/leɪ aɪz ɔn ˈsamθɪŋ/,dictionary+eng_to_ipa
aac24809-1526-4ddf-8e07-c99668bd4400,14 - Parts of the Body,easy on the ear,/ˈizi ɔn ðə ɪə̯/,dictionary+eng_to_ipa+fixed_function
66f01f1e-99b6-4fb1-aa22-7a5b8d49bb9f,14 - Parts of the Body,easy on the eye,/ˈizi ɔn ðə aɪ/,eng_to_ipa+fixed_function
09fbb1df-2ee7-4dd7-919b-31a90307cc57,14 - Parts of the Body,feast your eyes (on somebody),/fist jʊr aɪz ɔn ˈsəmˌbɑdi/,eng_to_ipa
9b10683f-975a-478b-8845-8d8271a6e6b4,14 - Parts of the Body,feast your eyes (on something),/fist jʊr aɪz ɔn ˈsamθɪŋ/,dictionary+eng_to_ipa
dd1eb926-104e-45c2-8a32-9f6f313df669,14 - Parts of the Body,for somebody's eyes only,/fə ˈsəmˌbɑdiz aɪz ˈoʊnli/,eng_to_ipa+fixed_function
65d53105-de52-46cd-82a2-abe306329275,14 - Parts of the Body,get your eye in,/gɪt jʊr aɪ ɪn/,eng_to_ipa
5fbd18c3-646e-46cd-b4ab-4e0999c6a89f,14 - Parts of the Body,have(got)eyes like a hawk,/hæv gɑt aɪz laɪk ə hɔk/,eng_to_ipa+fixed_function
02e7e460-1f31-42c7-96b6-f9f4ead8d2b8,14 - Parts of the Body,have an eye for something,/hæv ən aɪ fə ˈsamθɪŋ/,dictionary+eng_to_ipa+fixed_function
f1f4106e-d768-4cda-a8b8-3f3909e371d5,14 - Parts of the Body,have one eye an eye on something,/hæv wən aɪ ən aɪ ɔn ˈsamθɪŋ/,dictionary+eng_to_ipa+fixed_function
6d421853-0f25-43f3-aade-c458a6234b97,14 - Parts of the Body,have one half an eye on something,/hæv wən hæf ən aɪ ɔn ˈsamθɪŋ/,dictionary+eng_to_ipa+fixed_function
163410c9-d9c2-433c-979f-1e4b537ab63e,14 - Parts of the Body,have your eye on someone,/hæv jʊr aɪ ɔn ˈsəmˌwən/,eng_to_ipa
9df592ec-29f0-4357-ae6b-2aa0a57d6cdd,14 - Parts of the Body,have your eye on something,/hæv jʊr aɪ ɔn ˈsamθɪŋ/,dictionary+eng_to_ipa
856caea7-1abd-4425-a244-e50059bcb39d,14 - Parts of the Body,hit somebody (straight the eye),/hɪt ˈsəmˌbɑdi streɪt ðə aɪ/,eng_to_ipa+fixed_function
0fb8805e-bb3d-477e-9c18-4fd19cc0fc54,14 - Parts of the Body,hit somebody right)in the eye,/hɪt ˈsəmˌbɑdi raɪt ɪn ðə aɪ/,eng_to_ipa+fixed_function
8497016b-73fe-46e1-864a-1794b88ac807,14 - Parts of the Body,in the blink of an eye,/ɪn ðə blɪŋk əv ən aɪ/,eng_to_ipa+fixed_function
68a2f4dd-ca96-475a-b284-55e05b8f8457,14 - Parts of the Body,"in the eyes of the law,world,etc",/ɪn ðə aɪz əv ðə lɔ wərld ˌɛtˈsɛtərə/,eng_to_ipa+fixed_function
492fc5b8-a1d6-4f94-935a-61f2671b5d41,14 - Parts of the Body,in the public eye,/ɪn ðə ˈpʌblɪk aɪ/,dictionary+eng_to_ipa+fixed_function
9651fb60-b272-4c46-8ec8-fad20bc85541,14 - Parts of the Body,in the twinkling of an eye,/ɪn ðə tˈwɪŋkəlɪŋ əv ən aɪ/,eng_to_ipa+fixed_function
a5b5bb85-788e-4814-8ea9-aa0c8d073a59,14 - Parts of the Body,in your mind's eye,/ɪn jʊr maɪndz aɪ/,eng_to_ipa
c5a1b7bc-582a-43d0-86d8-8135f4b258bf,14 - Parts of the Body,in somebody's eyes,/ɪn ˈsəmˌbɑdiz aɪz/,eng_to_ipa
ab8b36c0-6fc0-4f61-92fa-33c302e6fc5a,14 - Parts of the Body,to somebody's eyes,/tə ˈsəmˌbɑdiz aɪz/,eng_to_ipa+fixed_function
b6c8cf77-28ce-4f59-838b-cb63d2264158,14 - Parts of the Body,keep a close eye on somebody,/kiːp ə kloʊz aɪ ɔn ˈsəmˌbɑdi/,dictionary+eng_to_ipa+fixed_function
59d8307d-8084-4a4f-9b98-60dd519e35d9,14 - Parts of the Body,keep a close eye on something,/kiːp ə kloʊz aɪ ɔn ˈsamθɪŋ/,dictionary+eng_to_ipa+fixed_function
50c1f72c-9628-4b7a-b636-c4c936553659,14 - Parts of the Body,keep a close watch on somebody,/kiːp ə kloʊz wɒt͡ʃ ɔn ˈsəmˌbɑdi/,dictionary+eng_to_ipa+fixed_function
27cc52a0-6013-420a-8fc8-696528d87a3a,14 - Parts of the Body,keep a close watch on something,/kiːp ə kloʊz wɒt͡ʃ ɔn ˈsamθɪŋ/,dictionary+eng_to_ipa+fixed_function
3b0560aa-630d-4944-9712-934fa921f348,14 - Parts of the Body,keep a weather eye on something,/kiːp ə ˈwɛðər aɪ ɔn ˈsamθɪŋ/,dictionary+eng_to_ipa+fixed_function
65191b3c-3295-4a2f-a6a7-9b357d8ce5cb,14 - Parts of the Body,keep an eye on somebody,/kiːp ən aɪ ɔn ˈsəmˌbɑdi/,dictionary+eng_to_ipa+fixed_function
75731857-7fb3-43eb-a799-58a329688696,14 - Parts of the Body,keep an eye on something,/kiːp ən aɪ ɔn ˈsamθɪŋ/,dictionary+eng_to_ipa+fixed_function
2f2b9f89-8a62-4e42-9131-3f6b8cc69d63,14 - Parts of the Body,keep your eyes open(for somebody),/kiːp jʊr aɪz ˈoʊpən fə ˈsəmˌbɑdi/,dictionary+eng_to_ipa+fixed_function
2d707d04-1161-4a20-8ab5-8428a607da53,14 - Parts of the Body,keep your eyes open(for something),/kiːp jʊr aɪz ˈoʊpən fə ˈsamθɪŋ/,dictionary+eng_to_ipa+fixed_function
26b06241-70e7-4a6d-9806-7cc61c8d8ba8,14 - Parts of the Body,look somebody in the eye(s),/lʊk ˈsəmˌbɑdi ɪn ðə aɪ ɛs/,eng_to_ipa+fixed_function
aacbf90a-b2db-40ce-83aa-8ebfed08b9ff,14 - Parts of the Body,look somebody in the face,/lʊk ˈsəmˌbɑdi ɪn ðə feɪs/,dictionary+eng_to_ipa+fixed_function
4ad72152-d736-4ef3-bc6e-dab4d36069d8,14 - Parts of the Body,not (be able to)take your eyes off somebody,/nɑt bi ˈeɪbəl tə teɪk jʊr aɪz ɔf ˈsəmˌbɑdi/,dictionary+eng_to_ipa+fixed_function
5101161c-2a3d-47c6-9517-2c8e2ca9a1a8,14 - Parts of the Body,not (be able to)take your eyes off something,/nɑt bi ˈeɪbəl tə teɪk jʊr aɪz ɔf ˈsamθɪŋ/,dictionary+eng_to_ipa+fixed_function
f00839ca-965d-46aa-aa29-ec6c18f9cb46,14 - Parts of the Body,not a dry eye in the house,/nɑt ə draɪ aɪ ɪn ðə haʊs/,eng_to_ipa+fixed_function
abdcd96e-8f73-4ec0-bd5e-058553a11e55,14 - Parts of the Body,not bat an eyelid,/nɑt bæt ən ˈaɪˌlɪd/,dictionary+eng_to_ipa+fixed_function
ce548db9-6406-438f-8754-9cc8897c7616,14 - Parts of the Body,not believe your ears,/nɑt bɪˈliv jʊr ɪrz/,eng_to_ipa
e0b3b47c-c36d-4bd2-92f2-9c07f04e789b,14 - Parts of the Body,not believe your eyes,/nɑt bɪˈliv jʊr aɪz/,eng_to_ipa
bd967578-bd18-4259-998d-334e1f1c0331,14 - Parts of the Body,not see eye to eye with somebody (on something),/nɑt si aɪ tə aɪ wɪθ ˈsəmˌbɑdi ɔn ˈsamθɪŋ/,dictionary+eng_to_ipa+fixed_function
f6e2ad0a-1526-4176-82a3-f0d38556977d,14 - Parts of the Body,one in the eye (for somebody),/wən ɪn ðə aɪ fə ˈsəmˌbɑdi/,eng_to_ipa+fixed_function
71a6a2a6-0797-4cdf-b62f-328f037aad97,14 - Parts of the Body,one in the eye (for something),/wən ɪn ðə aɪ fə ˈsamθɪŋ/,dictionary+eng_to_ipa+fixed_function
43fc9c76-bd7f-4cf3-99dc-0e9dc1776430,14 - Parts of the Body,only have eyes for,/ˈoʊnli hæv aɪz fə/,eng_to_ipa+fixed_function
05be95eb-f1c7-49d1-bc3a-2e757248f8a7,14 - Parts of the Body,have eyes only for somebody,/hæv aɪz ˈoʊnli fə ˈsəmˌbɑdi/,eng_to_ipa+fixed_function
4a2e6fa2-12dd-4be8-b78c-8af73e76f3ec,14 - Parts of the Body,open your eyes 〔to something),/ˈoʊpən jʊr aɪz tə ˈsamθɪŋ/,dictionary+eng_to_ipa+fixed_function
9b94083e-6dc9-4f07-918f-8ec78816ca19,14 - Parts of the Body,open somebody's eyes 〔to something),/ˈoʊpən ˈsəmˌbɑdiz aɪz tə ˈsamθɪŋ/,dictionary+eng_to_ipa+fixed_function
a06279f6-c9be-46d8-a5e2-ec4a40a2026a,14 - Parts of the Body,pull the wool over somebody's eyes,/pʊl ðə wʊl ˈoʊvər ˈsəmˌbɑdiz aɪz/,dictionary+eng_to_ipa+fixed_function
7450274a-7e0d-4971-893f-a3de355ea585,14 - Parts of the Body,see something out of the corner of your eye,/si ˈsamθɪŋ aʊt əv ðə ˈkɔrnər əv jʊr aɪ/,dictionary+eng_to_ipa+fixed_function
ddfa0475-05b2-4ac7-9fc1-b943a366dc40,14 - Parts of the Body,"see,look at,etc.,something through somebody's eyes",/si lʊk ət ˌɛtˈsɛtərə ˈsamθɪŋ θru ˈsəmˌbɑdiz aɪz/,dictionary+eng_to_ipa+fixed_function
b49e300d-db17-4e5f-b462-c9c1861f0e02,14 - Parts of the Body,shut your eyes to something,/ʃət jʊr aɪz tə ˈsamθɪŋ/,dictionary+eng_to_ipa+fixed_function
6748d9cd-fa33-4e43-bd92-56f2638250a6,14 - Parts of the Body,close your eyes to something,/kloʊz jʊr aɪz tə ˈsamθɪŋ/,dictionary+eng_to_ipa+fixed_function
b10c5f72-c7d8-41e8-b2e4-bdb82ad7d6a0,14 - Parts of the Body,someone's eyes are bigger than their belly,/ˈsəmˌwənz aɪz ər ˈbɪgər ðən ðɛr ˈbɛli/,eng_to_ipa+fixed_function
a71ebf8e-ce4b-40b9-bfe8-5dc17ec2fd9a,14 - Parts of the Body,someone's eyes are bigger than their stomach,/ˈsəmˌwənz aɪz ər ˈbɪgər ðən ðɛr ˈstəmək/,eng_to_ipa+fixed_function
7a3a26b6-91d5-43fa-b972-58bef5cf1736,14 - Parts of the Body,take your eye off the ball,/teɪk jʊr aɪ ɔf ðə bɔl/,dictionary+eng_to_ipa+fixed_function
02852f23-ad1f-4478-aecd-f2e8c3cd55c6,14 - Parts of the Body,turn a blind eye(to something),/tərn ə blaɪnd aɪ tə ˈsamθɪŋ/,dictionary+eng_to_ipa+fixed_function
320f11dc-bc19-4d62-97bd-8d556fbe1015,14 - Parts of the Body,the apple of somebody's eye,/ðə ˈæpəl əv ˈsəmˌbɑdiz aɪ/,eng_to_ipa+fixed_function
ff0340f2-8110-4b30-9875-9e33544b4c49,14 - Parts of the Body,the naked eye,/ðə ˈneɪkəd aɪ/,eng_to_ipa+fixed_function
13d1139b-f027-436b-8b5e-b863a17602a8,14 - Parts of the Body,there is more to somebody than meets the eye,/ðɛr ɪz mɔr tə ˈsəmˌbɑdi ðən mits ðə aɪ/,eng_to_ipa+fixed_function
f6a4eed9-7b62-4a97-92a6-2ee3b058f5b6,14 - Parts of the Body,there is more to something than meets the eye,/ðɛr ɪz mɔr tə ˈsamθɪŋ ðən mits ðə aɪ/,dictionary+eng_to_ipa+fixed_function
1433a19c-32a9-488d-9ca9-a684162be19c,14 - Parts of the Body,under the(watchful)eye of somebody,/ˈəndər ðə ˈwɑʧfəl aɪ əv ˈsəmˌbɑdi/,eng_to_ipa+fixed_function
4168f98e-5ce9-4d83-84e3-9c840d64da45,14 - Parts of the Body,what the eye doesn't see(the heart doesn't grieve over),/wɔt ðə aɪ ˈdəzənt si ðə hɑːt ˈdəzənt ɡɹiːv ˈoʊvər/,dictionary+eng_to_ipa+fixed_function
1808ae8a-4cd3-43bb-8d60-9b319ab7cd99,14 - Parts of the Body,with an eye for,/wɪθ ən aɪ fə/,eng_to_ipa+fixed_function
e5547679-6a0a-4b13-a103-cf31645403c2,14 - Parts of the Body,to the main chance,/tə ðə meɪn ʧæns/,dictionary+eng_to_ipa+fixed_function
0506768e-6c01-4fd2-95bb-903334752b5d,14 - Parts of the Body,with an eye on,/wɪθ ən aɪ ɔn/,eng_to_ipa+fixed_function
73e9d76f-25c8-4587-9481-7ea3197f388d,14 - Parts of the Body,with an eye to something doing something,/wɪθ ən aɪ tə ˈsamθɪŋ duɪŋ ˈsamθɪŋ/,dictionary+eng_to_ipa+fixed_function
0c2887fb-ffbe-4c0e-8092-b5225fd453c6,14 - Parts of the Body,with an eye to to doing something,/wɪθ ən aɪ tə tə duɪŋ ˈsamθɪŋ/,dictionary+eng_to_ipa+fixed_function
e620a165-ef37-4f7e-b0c0-57e23558e2fd,14 - Parts of the Body,with your eyes open,/wɪθ jʊr aɪz ˈoʊpən/,eng_to_ipa
ff381ffe-4af7-4821-a1c7-18c7478d421a,14 - Parts of the Body,with your eyes shut,/wɪθ jʊr aɪz ʃət/,eng_to_ipa
10c18a50-625f-4c54-bf25-d657b69e1c2d,14 - Parts of the Body,with your eyes closed,/wɪθ jʊr aɪz kləʊzd/,dictionary+eng_to_ipa
7b0acdad-c6b0-4790-99b3-6dec63bc2444,14 - Parts of the Body,be all ears,/bi ɔl ɪrz/,eng_to_ipa
98325673-4fb9-466c-b687-f79cfcda2865,14 - Parts of the Body,be out on your ear,/bi aʊt ɔn jʊr ɪə̯/,dictionary+eng_to_ipa
9737288c-a636-4a1d-99be-75b9fffb5688,14 - Parts of the Body,be up to your ears in something,/bi əp tə jʊr ɪrz ɪn ˈsamθɪŋ/,dictionary+eng_to_ipa+fixed_function
c6241f1b-25bd-4ce3-b9d8-8fe7737097a5,14 - Parts of the Body,bend somebody's ear(about something),/bɛnd ˈsəmˌbɑdiz ɪə̯ əˈbaʊt ˈsamθɪŋ/,dictionary+eng_to_ipa
43b3bc69-81ac-4d99-a358-2b3d8022a052,14 - Parts of the Body,box somebody's ears somebody a box on the ears,/bɑks ˈsəmˌbɑdiz ɪrz ˈsəmˌbɑdi ə bɑks ɔn ðə ɪrz/,eng_to_ipa+fixed_function
377c1be8-ba8f-4f55-800e-7829984959b5,14 - Parts of the Body,box somebody's give somebody a box on the ears,/bɑks ˈsəmˌbɑdiz gɪv ˈsəmˌbɑdi ə bɑks ɔn ðə ɪrz/,eng_to_ipa+fixed_function
44267038-50bd-4562-9988-ac9c9cb22e75,14 - Parts of the Body,fall on deaf ears,/fɔːl ɔn diːf ɪrz/,dictionary+eng_to_ipa
391beb31-33d1-4c85-a604-0dbd4fa6ee32,14 - Parts of the Body,go in one ear and out the other,/goʊ ɪn wən ɪə̯ ən aʊt ðə ˈɐðə/,dictionary+eng_to_ipa+fixed_function
7c98e1d8-6f53-47a1-8d13-519102273ee7,14 - Parts of the Body,give somebody a thick ear,/gɪv ˈsəmˌbɑdi ə θɪk ɪə̯/,dictionary+eng_to_ipa+fixed_function
ae981e08-83c8-48fa-8904-a459bfa6a95c,14 - Parts of the Body,give get a thick ear,/gɪv gɪt ə θɪk ɪə̯/,dictionary+eng_to_ipa+fixed_function
2c8d6ab1-131e-456a-9a74-f48b298e8865,14 - Parts of the Body,have a word in somebody's ear,/hæv ə wərd ɪn ˈsəmˌbɑdiz ɪə̯/,dictionary+eng_to_ipa+fixed_function
0086c29f-5d1a-4eae-bc45-2601bcd01087,14 - Parts of the Body,have somebody's ear |have the ear of somebody,/hæv ˈsəmˌbɑdiz ɪə̯ hæv ðə ɪə̯ əv ˈsəmˌbɑdi/,dictionary+eng_to_ipa+fixed_function
2faa6d97-3b95-4846-90a0-8e500054ce47,14 - Parts of the Body,have something coming out of your ears,/hæv ˈsamθɪŋ ˈkʌmɪŋ aʊt əv jʊr ɪrz/,dictionary+eng_to_ipa+fixed_function
e608f30b-2343-402c-aa80-5a418d573d0f,14 - Parts of the Body,keep your ears open(for somebody),/kiːp jʊr ɪrz ˈoʊpən fə ˈsəmˌbɑdi/,dictionary+eng_to_ipa+fixed_function
8093c18c-aa36-40f6-837c-17a9a599fa70,14 - Parts of the Body,keep your ears open(for something),/kiːp jʊr ɪrz ˈoʊpən fə ˈsamθɪŋ/,dictionary+eng_to_ipa+fixed_function
248a2ac9-3d72-4e93-bcf1-d64fd06cab7a,14 - Parts of the Body,lend an ear(to somebody),/lɛnd ən ɪə̯ tə ˈsəmˌbɑdi/,dictionary+eng_to_ipa+fixed_function
8b5fd3f8-525d-447f-861a-7b54affc66ed,14 - Parts of the Body,lend an ear(to something),/lɛnd ən ɪə̯ tə ˈsamθɪŋ/,dictionary+fixed_function
cc03da25-1347-4de2-bfa1-b3b3ce5253dc,14 - Parts of the Body,music to your ears,/ˈmjuːzɪk tə jʊr ɪrz/,dictionary+eng_to_ipa+fixed_function
9e69153f-79ad-415c-a736-d43235b7571a,14 - Parts of the Body,play it by ear,/pleɪ ɪt baɪ ɪə̯/,dictionary+eng_to_ipa
4c1f1253-ad45-4afd-80ed-1ac3222bf794,14 - Parts of the Body,prick(up) your ears,/pɹɪk əp jʊr ɪrz/,dictionary+eng_to_ipa
229c61ca-84d8-4a48-b32f-ab2c5dba2e93,14 - Parts of the Body,ring in your ears,/rɪŋ ɪn jʊr ɪrz/,eng_to_ipa
70050fd8-4bbf-44c6-b8e9-b9b92a256ca7,14 - Parts of the Body,send someone away with a flea in their ear,/sɛnd ˈsəmˌwən əˈweɪ wɪθ ə fliː ɪn ðɛr ɪə̯/,dictionary+eng_to_ipa+fixed_function
627fe4ff-1aa6-41dc-b3ef-7083bc09e1d9,14 - Parts of the Body,shut your ears to something,/ʃət jʊr ɪrz tə ˈsamθɪŋ/,dictionary+eng_to_ipa+fixed_function
eab86890-e4ee-4323-ab84-088289e55c09,14 - Parts of the Body,close your ears to something,/kloʊz jʊr ɪrz tə ˈsamθɪŋ/,dictionary+eng_to_ipa+fixed_function
a0adac44-3317-4ed1-9caa-5288a858004c,14 - Parts of the Body,smile from ear to ear,/ˈsmaɪ.əl frəm ɪə̯ tə ɪə̯/,dictionary+fixed_function
aefd57b3-7322-4b26-83d4-8c5e68275628,14 - Parts of the Body,beam from ear to ear,/biːm frəm ɪə̯ tə ɪə̯/,dictionary+fixed_function
acc44893-c67b-4b86-9167-d7b7aa80af85,14 - Parts of the Body,grin from ear to ear,/ɡɹɪn frəm ɪə̯ tə ɪə̯/,dictionary+fixed_function
b8ac5303-eb7f-48ba-9198-b06adea2f748,14 - Parts of the Body,somebody's ears are burning,/ˈsəmˌbɑdiz ɪrz ər bɜːnɪŋ/,dictionary+eng_to_ipa
f86e928c-ec23-4551-b689-fb032288e711,14 - Parts of the Body,somebody's ears are flapping,/ˈsəmˌbɑdiz ɪrz ər ˈflæpɪŋ/,dictionary+eng_to_ipa
6d2fb41e-486d-4b42-8758-5d97d6bd7912,14 - Parts of the Body,something comes to,/ˈsamθɪŋ kəmz tə/,dictionary+eng_to_ipa+fixed_function
5c4cb4a3-3e57-463b-b6e5-900c9c1c131d,14 - Parts of the Body,reaches somebody's ears,/ˈɹiːt͡ʃɪz ˈsəmˌbɑdiz ɪrz/,dictionary+eng_to_ipa
ba3e58cb-623d-43f5-833f-1dcff4e8b5fd,14 - Parts of the Body,walls have ears,/wɔːlz hæv ɪrz/,dictionary+eng_to_ipa
dc841094-a339-419b-aaf5-bc755b99cf78,14 - Parts of the Body,with half an ear,/wɪθ hæf ən ɪə̯/,dictionary+eng_to_ipa+fixed_function
8ef81949-0409-4c13-8657-3182c869c956,14 - Parts of the Body,(still)wet behind the ears,/stɪl wɛt bɪˈhaɪnd ðə ɪrz/,dictionary+eng_to_ipa+fixed_function
ae3db7c1-58e9-4f67-856e-b6ff4b4528b0,14 - Parts of the Body,be no skin off someone's nose,/bi nəʊ skɪn ɔf ˈsəmˌwənz nəʊz/,dictionary+eng_to_ipa
cb8c0dbc-77f0-4aea-897d-8b29613eff93,14 - Parts of the Body,be no skin off someone's back,/bi nəʊ skɪn ɔf ˈsəmˌwənz bæk/,dictionary+eng_to_ipa
2e5c9482-6b6d-4abe-bb82-485d931b982d,07 - Family,flesh and blood,/flɛʃ ən blʊd/,dictionary+eng_to_ipa+fixed_function
fe8fd967-6604-4d26-95bf-2c3830a880b4,14 - Parts of the Body,by a nose,/baɪ ə nəʊz/,dictionary+eng_to_ipa+fixed_function
b009d492-1f4d-4976-a209-1ae38f7931f9,14 - Parts of the Body,cut off your nose to spite your face,/kət ɔf jʊr nəʊz tə spaɪt jʊr feɪs/,dictionary+eng_to_ipa+fixed_function
34670f83-14a9-44af-b85d-1f15b98d4dec,14 - Parts of the Body,follow your nose,/ˈfɑloʊ jʊr nəʊz/,dictionary+eng_to_ipa
52655d4f-e624-45bd-a4ec-535e1794df47,14 - Parts of the Body,get up somebody's nose,/gɪt əp ˈsəmˌbɑdiz nəʊz/,dictionary+eng_to_ipa
f1456fe9-6ce6-44f3-bcb7-7b8b77dc8444,14 - Parts of the Body,get your nose in the trough,/gɪt jʊr nəʊz ɪn ðə tɹɑf/,dictionary+eng_to_ipa+fixed_function
fb78e3f5-b35e-4ffc-bb42-f6ee6df17455,14 - Parts of the Body,get your snout in the trough,/gɪt jʊr snʌʊt ɪn ðə tɹɑf/,dictionary+eng_to_ipa+fixed_function
0fbb0de9-ce7d-492f-a94e-379c3b05a69c,14 - Parts of the Body,have your nose in the trough,/hæv jʊr nəʊz ɪn ðə tɹɑf/,dictionary+eng_to_ipa+fixed_function
808b80c8-d222-4d28-9473-472e9a26e372,14 - Parts of the Body,have your snout in the trough,/hæv jʊr snʌʊt ɪn ðə tɹɑf/,dictionary+eng_to_ipa+fixed_function
b5d20d26-1bea-4b63-95dc-8c3e38d615d5,14 - Parts of the Body,give somebody a bloody nose,/gɪv ˈsəmˌbɑdi ə ˈblʌ.di nəʊz/,dictionary+eng_to_ipa+fixed_function
a5fba41c-9370-4404-be71-3e586e8eb3e1,14 - Parts of the Body,have a nose round,/hæv ə nəʊz ˈɹaʊnd/,dictionary+eng_to_ipa+fixed_function
71aa806c-e7d4-4a25-96d7-9fd913f858cb,14 - Parts of the Body,keep your nose clean,/kiːp jʊr nəʊz klin/,dictionary+eng_to_ipa
e2618952-4926-49c3-a2f6-04a59a6f0052,14 - Parts of the Body,keep your nose out of something,/kiːp jʊr nəʊz aʊt əv ˈsamθɪŋ/,dictionary+eng_to_ipa+fixed_function
bc866285-e548-4c46-9b51-8d393fb398fe,14 - Parts of the Body,keep your nose to the grindstone,/kiːp jʊr nəʊz tə ðə ˈgraɪndˌstoʊn/,dictionary+eng_to_ipa+fixed_function
4c7713a3-23d5-4259-8424-301c6166aa11,14 - Parts of the Body,put your nose to the grindstone,/pʊt jʊr nəʊz tə ðə ˈgraɪndˌstoʊn/,dictionary+eng_to_ipa+fixed_function
2f122967-b7c6-4363-a4fc-5806ee3b36a4,14 - Parts of the Body,lead somebody by the nose,/lɛd ˈsəmˌbɑdi baɪ ðə nəʊz/,dictionary+eng_to_ipa+fixed_function
b6f31e81-1197-4074-a01c-804b03a45a09,14 - Parts of the Body,look down your nose at somebody,/lʊk daʊn jʊr nəʊz ət ˈsəmˌbɑdi/,dictionary+eng_to_ipa+fixed_function
fa434791-7797-432a-8f53-f676cd0150ca,14 - Parts of the Body,look down your nose at something,/lʊk daʊn jʊr nəʊz ət ˈsamθɪŋ/,dictionary+eng_to_ipa+fixed_function
ee3514d4-625e-4fd1-9d85-473a3d878e4a,14 - Parts of the Body,nose to tail,/nəʊz tə teɪl/,dictionary+fixed_function
1769a6e9-f993-41fc-89c8-8fb0bee33cc5,14 - Parts of the Body,not see the end of your nose,/nɑt si ðə ɛnd əv jʊr nəʊz/,dictionary+eng_to_ipa+fixed_function
b4a44680-ebd8-4a47-bf34-de744625a77b,14 - Parts of the Body,not past the end of your nose,/nɑt pæst ðə ɛnd əv jʊr nəʊz/,dictionary+eng_to_ipa+fixed_function
39d70126-04fe-473f-8d06-6c8fa6414467,14 - Parts of the Body,"not look,etc.beyond the end of your nose",/nɑt lʊk ˌɛtˈsɛtərə biˈjɒnd ðə ɛnd əv jʊr nəʊz/,dictionary+eng_to_ipa+fixed_function
2e0f27b2-3720-47bf-bcd2-e3a2cb267673,14 - Parts of the Body,on the nose,/ɔn ðə nəʊz/,dictionary+eng_to_ipa+fixed_function
bc07ab1f-c1a9-4ac7-add1-e173ca201673,14 - Parts of the Body,pay through the nose(for something),/peɪ θru ðə nəʊz fə ˈsamθɪŋ/,dictionary+eng_to_ipa+fixed_function
4b741808-9a31-42d7-a3cf-0b7dfcb343c1,14 - Parts of the Body,poke nose into something,/pəʊk nəʊz ˈɪntu ˈsamθɪŋ/,dictionary+eng_to_ipa
f695b3bb-8dd4-450f-bfcf-bb717a4b665c,14 - Parts of the Body,put someone's nose out of joint,/pʊt ˈsəmˌwənz nəʊz aʊt əv ʤɔɪnt/,dictionary+eng_to_ipa+fixed_function
5f16a6bc-980f-4352-bda4-7d99826e1db0,14 - Parts of the Body,rub someone's nose in it,/ɹʌb ˈsəmˌwənz nəʊz ɪn ɪt/,dictionary+eng_to_ipa
7c2fbc0c-9c51-4d71-8999-7a1f691f6c95,14 - Parts of the Body,turn your nose up at something,/tərn jʊr nəʊz əp ət ˈsamθɪŋ/,dictionary+eng_to_ipa+fixed_function
901b8d9b-0579-45a4-b6c2-223b9c1e10fd,14 - Parts of the Body,under somebody's nose,/ˈəndər ˈsəmˌbɑdiz nəʊz/,dictionary+eng_to_ipa
55c3353c-4e78-4197-ab38-58822ca5a65d,14 - Parts of the Body,with your nose in the air,/wɪθ jʊr nəʊz ɪn ðə ˈɛə/,dictionary+eng_to_ipa+fixed_function
0eaa8e96-a9b1-4c0d-96d3-a70419d429f3,14 - Parts of the Body,be all mouth,/bi ɔl maʊθ/,eng_to_ipa
0d3e8998-8b4c-4d0c-bbec-31b9a0fbdd96,14 - Parts of the Body,butter wouldn't melt(in somebody's mouth),/ˈbʊtə ˈwʊdənt mɛlt ɪn ˈsəmˌbɑdiz maʊθ/,dictionary+eng_to_ipa
61105ace-67a9-45fe-bb5d-799993a3626c,14 - Parts of the Body,down in the mouth,/daʊn ɪn ðə maʊθ/,eng_to_ipa+fixed_function
1703dc33-ef5e-47a4-be2e-46ee2b0a621c,14 - Parts of the Body,have a big mouth,/hæv ə bɪg maʊθ/,eng_to_ipa+fixed_function
3ad1c02e-a91b-45c7-9f43-ec4120656299,14 - Parts of the Body,keep your mouth shut,/kiːp jʊr maʊθ ʃət/,dictionary+eng_to_ipa
d012de24-0021-424b-83f9-dbd6d2327f0a,14 - Parts of the Body,leave a bad taste in the mouth,/liːv ə bæːd teɪst ɪn ðə maʊθ/,dictionary+eng_to_ipa+fixed_function
40ca50f3-49ce-499f-bc93-e3400bdd4a33,14 - Parts of the Body,leave a nasty taste in the mouth,/liːv ə ˈnaː.sti teɪst ɪn ðə maʊθ/,dictionary+eng_to_ipa+fixed_function
0e7b7501-d90b-49bf-8f1a-2d05fc3574e6,14 - Parts of the Body,live (from)hand to mouth,/lɪv frəm hænd tə maʊθ/,eng_to_ipa+fixed_function
fd77f5a6-c188-458a-8003-742a55ef0756,14 - Parts of the Body,me and my big mouth,/miː ən mi bɪg maʊθ/,dictionary+eng_to_ipa+fixed_function
e4f8fc64-6ec1-4a18-bbff-4c0595557ea7,14 - Parts of the Body,melt in your mouth,/mɛlt ɪn jʊr maʊθ/,dictionary+eng_to_ipa
e8c3d726-c94c-4cdb-a1f5-25aee65945d4,14 - Parts of the Body,put words into somebody's mouth,/pʊt wɜːdz ˈɪntu ˈsəmˌbɑdiz maʊθ/,dictionary+eng_to_ipa
1931a9cb-91c7-4d54-b1fb-874522720664,14 - Parts of the Body,run off at the mouth,/rən ɔf ət ðə maʊθ/,eng_to_ipa+fixed_function
ead76b25-f757-4189-9aba-e6bb917ebc91,14 - Parts of the Body,shoot your mouth off (about something),/ʃuːt jʊr maʊθ ɔf əˈbaʊt ˈsamθɪŋ/,dictionary+eng_to_ipa
e6c571a6-c9b6-49d8-b596-493e3439a66f,14 - Parts of the Body,shut your mouth,/ʃət jʊr maʊθ/,eng_to_ipa
e7ed79ac-ed55-4411-9d7f-5a2de27207ae,14 - Parts of the Body,shut your face!,/ʃət jʊr feɪs/,dictionary+eng_to_ipa
349f66f3-dffc-471f-a475-d614d84213fe,14 - Parts of the Body,take the bread out of somebody's mouth,/teɪk ðə bɹeːd aʊt əv ˈsəmˌbɑdiz maʊθ/,dictionary+eng_to_ipa+fixed_function
f10a40e3-e688-491b-aa39-6e51a1d0dc1d,14 - Parts of the Body,take the words right out of somebody's mouth,/teɪk ðə wɜːdz raɪt aʊt əv ˈsəmˌbɑdiz maʊθ/,dictionary+eng_to_ipa+fixed_function
5c761d35-db84-4a3e-9f3d-e53ba87d9201,14 - Parts of the Body,watch your mouth,/wɒt͡ʃ jʊr maʊθ/,dictionary+eng_to_ipa
4eb4d579-1ef2-4043-b436-291ade5d4f1d,14 - Parts of the Body,watch your tongue,/wɒt͡ʃ jʊr tʌŋ/,dictionary+eng_to_ipa
2997a056-f16f-401e-9520-16a3c332ed52,14 - Parts of the Body,a slip of the pen,/ə slɪp əv ðə pɛn/,dictionary+fixed_function
ed58fa5e-d09e-4cac-8a86-823a9cb5dcd7,14 - Parts of the Body,a slip of the tongue,/ə slɪp əv ðə tʌŋ/,dictionary+fixed_function
59a14724-f188-40af-b1a2-1e64fed41149,14 - Parts of the Body,(keep)a stiff upper lip,/kiːp ə stɪf ˈʌpə lɪp/,dictionary+eng_to_ipa+fixed_function
926ed2c2-e254-4657-9549-7707f2af9091,14 - Parts of the Body,bite your lip,/bʌɪt jʊr lɪp/,dictionary+eng_to_ipa
ae23c823-7a29-42e3-9c46-0290b9503390,14 - Parts of the Body,bite your tongue,/bʌɪt jʊr tʌŋ/,dictionary+eng_to_ipa
4918bad4-57d6-451e-a787-8f7c22803c0b,14 - Parts of the Body,find your voice,/faɪnd jʊr vɔɪs/,dictionary+eng_to_ipa
519c015d-0ce8-4c62-919b-79b59f597430,14 - Parts of the Body,find your tongue,/faɪnd jʊr tʌŋ/,dictionary+eng_to_ipa
6006d9d5-1a57-42d2-873a-932cdf6eb684,14 - Parts of the Body,get your tongue around something,/gɪt jʊr tʌŋ əraʊnd ˈsamθɪŋ/,dictionary+eng_to_ipa
0ef333c8-82fc-4d3c-85f7-b3f588b47230,14 - Parts of the Body,get your tongue round something,/gɪt jʊr tʌŋ ˈɹaʊnd ˈsamθɪŋ/,dictionary+eng_to_ipa
22ea2718-da71-4881-8447-aec15911520b,14 - Parts of the Body,have a loose tongue,/hæv ə lus tʌŋ/,dictionary+eng_to_ipa+fixed_function
dbedcbd1-24b1-4a83-8c78-22c3c345816b,14 - Parts of the Body,hold your tongue,/hoʊld jʊr tʌŋ/,dictionary+eng_to_ipa
503e1239-39e5-4551-a61b-b1fd55fc5dd2,14 - Parts of the Body,hold your peace,/hoʊld jʊr piːs/,dictionary+eng_to_ipa
a09b7f8e-096d-402b-bd1c-83cbac846210,14 - Parts of the Body,lick your lips,/lɪk jʊr lɪps/,dictionary+eng_to_ipa
cb426827-de2f-4c69-9e25-7302c5698fe9,14 - Parts of the Body,loosen somebody's tongue,/ˈluːsn̩ ˈsəmˌbɑdiz tʌŋ/,dictionary+eng_to_ipa
f55625cb-2239-4c2b-94b2-b598fd702b62,14 - Parts of the Body,my lips are sealed,/mi lɪps ər siːld/,dictionary+eng_to_ipa
da6b791b-14ab-474e-93d8-2f68a60798fd,14 - Parts of the Body,not pass your lips,/nɑt pʰäːs jʊr lɪps/,dictionary+eng_to_ipa
87661b6f-ec32-4f76-9e2e-1fe3cee0b803,14 - Parts of the Body,on everyone's lips,/ɔn ˈɛvriˌwənz lɪps/,eng_to_ipa
9401c70a-46d5-425e-8084-743c258ff718,14 - Parts of the Body,on the tip of your tongue,/ɔn ðə tɪp əv jʊr tʌŋ/,dictionary+eng_to_ipa+fixed_function
de884d55-a865-4381-a646-779e10e59ec8,14 - Parts of the Body,read my lips,/rɛd mi lɪps/,dictionary+eng_to_ipa
9b76050a-0943-4541-8741-497f7cd0a9a3,14 - Parts of the Body,roll off the tongue,/roʊl ɔf ðə tʌŋ/,dictionary+eng_to_ipa+fixed_function
b4f87655-9c92-4e39-a00f-5e5c57297e99,14 - Parts of the Body,trip off the tongue,/tɹɪp ɔf ðə tʌŋ/,dictionary+eng_to_ipa+fixed_function
24cf12f4-b486-4b32-a6cb-20da373a2e44,14 - Parts of the Body,slip off the tongue,/slɪp ɔf ðə tʌŋ/,dictionary+eng_to_ipa+fixed_function
3005dcb4-936f-4962-b32c-c036ca8f7d63,14 - Parts of the Body,set tongues wagging|tongues are wagging,/sɛt tʌŋz ˈwægɪŋ tʌŋz ər ˈwægɪŋ/,dictionary+eng_to_ipa
bfa9030c-2383-4c83-bc0f-e3f92d2d654c,14 - Parts of the Body,smack your lips,/smæk jʊr lɪps/,dictionary+eng_to_ipa
a4e3959c-0744-4cf4-9c64-99861da5cc08,14 - Parts of the Body,with your tongue in your cheek with tongue in cheek,/wɪθ jʊr tʌŋ ɪn jʊr tʃiːk wɪθ tʌŋ ɪn tʃiːk/,dictionary+eng_to_ipa
4b5cfd4f-feb1-4e7a-ab09-13967dd6ef0d,14 - Parts of the Body,"(pull,wear,etc.)a long face",/pʊl wɛr ˌɛtˈsɛtərə ə ˈlɔːŋ feɪs/,dictionary+eng_to_ipa+fixed_function
b9aa4108-51dc-4699-8acd-f8062238ae44,14 - Parts of the Body,a slap in the face,/ə slæp ɪn ðə feɪs/,dictionary+eng_to_ipa+fixed_function
708b3ae1-8df2-4f19-8b00-5f2103812963,14 - Parts of the Body,be written all over somebody's face,/bi ˈɹɪtn̩ ɔl ˈoʊvər ˈsəmˌbɑdiz feɪs/,dictionary+eng_to_ipa
de029868-3837-4d13-9e0e-d241fa6c8e46,14 - Parts of the Body,blow up in somebody's face,/bloʊ əp ɪn ˈsəmˌbɑdiz feɪs/,dictionary+eng_to_ipa
1be8b28f-70c7-4ca8-99f5-6b72d4d85586,14 - Parts of the Body,disappear off the face of the earth,/dɪsəˈpiːɹ ɔf ðə feɪs əv ðə ɜːθ/,dictionary+eng_to_ipa+fixed_function
c39cf5aa-49e4-4694-a15d-c3280dec4f56,14 - Parts of the Body,vanish off the face of the earth,/ˈvænɪʃ ɔf ðə feɪs əv ðə ɜːθ/,dictionary+eng_to_ipa+fixed_function
8552b4b0-eeeb-4ba8-8ce0-9e9aaacb34d1,14 - Parts of the Body,do something till you are blue in the face,/dʉː ˈsamθɪŋ tɪl jʉː ər bluː ɪn ðə feɪs/,dictionary+eng_to_ipa+fixed_function
15bd0de8-f8c8-4877-a626-cb1255c554dc,14 - Parts of the Body,face to face 〔with somebody,/feɪs tə feɪs wɪθ ˈsəmˌbɑdi/,dictionary+eng_to_ipa+fixed_function
17faa6e3-ada4-44a4-8f5f-280c39299859,14 - Parts of the Body,face to face 〔with something),/feɪs tə feɪs wɪθ ˈsamθɪŋ/,dictionary+eng_to_ipa+fixed_function
6ca4f29b-02fd-422b-ac03-6e5048bcc568,14 - Parts of the Body,fall flat on your face,/fɔːl flæt ɔn jʊr feɪs/,dictionary+eng_to_ipa
bd245a2a-a905-40fc-b0c1-4226c40d02ae,14 - Parts of the Body,feed your face,/fid jʊr feɪs/,dictionary+eng_to_ipa
74e82258-faf9-473a-b9d8-0a7d73d71cbd,14 - Parts of the Body,fly in the face of something,/flaɪ ɪn ðə feɪs əv ˈsamθɪŋ/,dictionary+eng_to_ipa+fixed_function
48ba5f21-6c77-4138-ac17-71266d3a73df,14 - Parts of the Body,have the face to do something,/hæv ðə feɪs tə dʉː ˈsamθɪŋ/,dictionary+eng_to_ipa+fixed_function
52a885d9-401f-4f10-99a7-113823d01abb,14 - Parts of the Body,have left with egg on,/hæv lɛft wɪθ ɛg ɔn/,eng_to_ipa
86bb64f3-a37c-4f6a-96b0-dd23e53e1665,14 - Parts of the Body,all over your face,/ɔl ˈoʊvər jʊr feɪs/,dictionary+eng_to_ipa
065bf711-007e-4d07-bf58-f869198d6458,14 - Parts of the Body,be left with egg on,/bi lɛft wɪθ ɛg ɔn/,eng_to_ipa
0d43a75a-56fb-4ca0-9b31-3a4922a6a7a1,14 - Parts of the Body,in somebody's face,/ɪn ˈsəmˌbɑdiz feɪs/,dictionary+eng_to_ipa
57cd56ef-aca3-4e3f-a9b0-c4b332fac64f,14 - Parts of the Body,in the face of something,/ɪn ðə feɪs əv ˈsamθɪŋ/,dictionary+eng_to_ipa+fixed_function
da05d780-1a30-4eb2-929b-d9472d0c48f4,14 - Parts of the Body,keep a straight face,/kiːp ə streɪt feɪs/,dictionary+eng_to_ipa+fixed_function
9dc12996-ed17-460a-9a86-3c4683346972,14 - Parts of the Body,laugh in somebody's face,/laːf ɪn ˈsəmˌbɑdiz feɪs/,dictionary+eng_to_ipa
23dc4868-cdc5-4074-a57e-3b4e116f52e4,14 - Parts of the Body,laugh on the other side of your face,/laːf ɔn ðə ˈɐðə saɪd əv jʊr feɪs/,dictionary+eng_to_ipa+fixed_function
8304fc45-041e-425c-9d46-6570bb9c31b6,14 - Parts of the Body,not be just a pretty face,/nɑt bi ʤɪst ə ˈprɪti feɪs/,dictionary+eng_to_ipa+fixed_function
757ba21f-c80d-40b8-8627-9bd8bc8dee7c,14 - Parts of the Body,on the face of it,/ɔn ðə feɪs əv ɪt/,dictionary+eng_to_ipa+fixed_function
6d9275b9-0fe2-4f4b-b3df-3bd0f346637a,14 - Parts of the Body,pull faces,/pʊl ˈfeɪsɪz/,dictionary+eng_to_ipa
87076d34-d013-486d-a873-92e0b44e1b3e,14 - Parts of the Body,make faces,/meɪk ˈfeɪsɪz/,dictionary+eng_to_ipa
5385cc9e-c09e-4f8b-b3a1-0037688a929f,14 - Parts of the Body,set your face against somebody,/sɛt jʊr feɪs əˈgɛnst ˈsəmˌbɑdi/,dictionary+eng_to_ipa
267a6dca-6093-4ae2-81bb-61259d1639a9,14 - Parts of the Body,set your face against something,/sɛt jʊr feɪs əˈgɛnst ˈsamθɪŋ/,dictionary+eng_to_ipa
9f932fcc-0c68-44de-bf4b-000db652dbc4,14 - Parts of the Body,show your face,/ʃəʊ jʊr feɪs/,dictionary+eng_to_ipa
b539e423-74fc-4316-94c8-2e9acef94bc7,14 - Parts of the Body,shut the door in somebody's face,/ʃət ðə dɔr ɪn ˈsəmˌbɑdiz feɪs/,dictionary+eng_to_ipa+fixed_function
c9988c8b-5463-4eff-a601-8ad5e83f7efa,14 - Parts of the Body,slam the door in somebody's face,/slæm ðə dɔr ɪn ˈsəmˌbɑdiz feɪs/,dictionary+eng_to_ipa+fixed_function
799679b6-f323-47d5-942c-12ea46523048,14 - Parts of the Body,somebody's face is like thunder | somebody has a face like thunder,/ˈsəmˌbɑdiz feɪs ɪz laɪk ˈθəndər ˈsəmˌbɑdi həz ə feɪs laɪk ˈθəndər/,dictionary+eng_to_ipa+fixed_function
31a64805-33e1-430f-a284-7720a62b6056,14 - Parts of the Body,someone's face doesn't fit,/ˈsəmˌwənz feɪs ˈdəzənt fɪt/,dictionary+eng_to_ipa
d3b3e659-f3e6-400c-87a3-c16e621c7e4c,14 - Parts of the Body,stare someone in the face,/stɛr ˈsəmˌwən ɪn ðə feɪs/,dictionary+eng_to_ipa+fixed_function
0cba8a9f-e5e1-4735-bf32-c96235c16f95,14 - Parts of the Body,to someone's face,/tə ˈsəmˌwənz feɪs/,dictionary+eng_to_ipa+fixed_function
a09b1f5e-22dd-4188-9b86-895724f183ab,14 - Parts of the Body,wipe somebody off the face of the earth |wipe something off the map,/waɪp ˈsəmˌbɑdi ɔf ðə feɪs əv ðə ɜːθ waɪp ˈsamθɪŋ ɔf ðə mæp/,dictionary+eng_to_ipa+fixed_function
2907061c-f55b-4045-8307-8c107d8d16a2,14 - Parts of the Body,wipe something off the face of the earth |wipe something off the map,/waɪp ˈsamθɪŋ ɔf ðə feɪs əv ðə ɜːθ waɪp ˈsamθɪŋ ɔf ðə mæp/,dictionary+eng_to_ipa+fixed_function
6c24a7e3-af95-48c5-93eb-2243198553a2,14 - Parts of the Body,a nail in somebody's coffin,/ə neɪl ɪn ˈsəmˌbɑdiz ˈkɔfɪn/,dictionary+eng_to_ipa+fixed_function
7315545e-5da0-46e0-a7f5-d2aa4d8cd5ea,14 - Parts of the Body,a nail in something's coffin,/ə neɪl ɪn ˈsəmθɪŋz ˈkɔfɪn/,dictionary+eng_to_ipa+fixed_function
5db88412-1284-4401-b765-bda9dceb546e,14 - Parts of the Body,a thick skin,/ə θɪk skɪn/,dictionary+eng_to_ipa+fixed_function
fc6c4e18-59b5-4e7f-9424-f99543f34786,14 - Parts of the Body,a thin skin,/ə θɪn skɪn/,dictionary+eng_to_ipa+fixed_function
9a8d3d21-a3fc-43d8-916b-10d85765faed,14 - Parts of the Body,by the skin of your teeth,/baɪ ðə skɪn əv jʊr tiθ/,dictionary+eng_to_ipa+fixed_function
ca972d7b-4234-48fd-aa5c-4ca5697da306,14 - Parts of the Body,fight tooth and nail,/faɪt tuθ ən neɪl/,dictionary+eng_to_ipa+fixed_function
cfa85f22-008c-4ae5-94d2-fe245423287a,14 - Parts of the Body,get in somebody's hair,/gɪt ɪn ˈsəmˌbɑdiz hɛr/,eng_to_ipa
4003d88e-305f-4635-bdd9-fa262a223409,14 - Parts of the Body,get under somebody's skin,/gɪt ˈəndər ˈsəmˌbɑdiz skɪn/,dictionary+eng_to_ipa
def8cd3f-5124-4d62-a4cb-fd51003cc5ca,03 - Starting and Finishing,bring sth to an end,/brɪŋ ˈsamθɪŋ tə ən ɛnd/,dictionary+eng_to_ipa+fixed_function
c34b6d0a-5f33-4ceb-ac6f-410c55691129,14 - Parts of the Body,hang by a hair,/hæŋ baɪ ə hɛr/,eng_to_ipa+fixed_function
417ac7b1-f9b4-4a26-8ba0-e8e0ac670b27,14 - Parts of the Body,hang by a thread,/hæŋ baɪ ə θrɛd/,eng_to_ipa+fixed_function
dba9e912-831a-48bf-9dc3-87facd7da119,14 - Parts of the Body,(as)hard as nails,/əz hɑrd əz neɪlz/,eng_to_ipa+fixed_function
e0f4a213-39cf-4458-a643-9181f8dfb281,14 - Parts of the Body,have skin in the game,/hæv skɪn ɪn ðə geɪm/,dictionary+eng_to_ipa+fixed_function
22c926bc-faab-441c-88a8-bcf44da1aa7a,14 - Parts of the Body,jump out of your skin,/dʒʌmp aʊt əv jʊr skɪn/,dictionary+eng_to_ipa+fixed_function
b7b55690-1319-42f5-99d4-49e2bcc86bf5,14 - Parts of the Body,keep your hair on,/kiːp jʊr hɛr ɔn/,dictionary+eng_to_ipa
f441d25f-2774-4bd1-b842-a44981a48160,14 - Parts of the Body,let your hair down,/lɛt jʊr hɛr daʊn/,eng_to_ipa
7318046f-57c7-4d0b-84d2-e82f14397875,14 - Parts of the Body,make your skin crawl,/meɪk jʊr skɪn krɔl/,dictionary+eng_to_ipa
560dced7-d1e6-401d-8d8c-d29244a6ef90,14 - Parts of the Body,not have a hair out of place,/nɑt hæv ə hɛr aʊt əv pleɪs/,dictionary+eng_to_ipa+fixed_function
74dc25ee-4318-451e-bab1-1a5fce1f1c44,14 - Parts of the Body,not see hide nor hair of somebody,/nɑt si haɪd nɔː hɛr əv ˈsəmˌbɑdi/,dictionary+eng_to_ipa+fixed_function
9fb3da30-a549-46f0-9cc6-0c4cafc63f90,14 - Parts of the Body,not see hide nor hair of something,/nɑt si haɪd nɔː hɛr əv ˈsamθɪŋ/,dictionary+eng_to_ipa+fixed_function
5a0df097-db0f-44ae-9118-c0a48812ab7f,14 - Parts of the Body,not turn a hair,/nɑt tərn ə hɛr/,eng_to_ipa+fixed_function
750af7b8-2578-49a6-ab33-fb0137bff988,14 - Parts of the Body,on the nail,/ɔn ðə neɪl/,dictionary+eng_to_ipa+fixed_function
470ce855-9db2-4be0-816c-0c749f788a52,14 - Parts of the Body,save your(own)skin,/seɪv jʊr oʊn skɪn/,dictionary+eng_to_ipa
53690f4a-afcb-4221-a642-40462fcc7d5b,14 - Parts of the Body,save neck,/seɪv nɛk/,dictionary
91e5f329-1b7c-4df6-8ffa-4da7ff64044a,14 - Parts of the Body,save hide,/seɪv haɪd/,dictionary+eng_to_ipa
a04463ac-4638-4922-ac58-f0c1465e0ff8,14 - Parts of the Body,(nothing but and bone),/ˈnəθɪŋ bʊt ən bəʉn/,dictionary+eng_to_ipa+fixed_function
57025d9c-85a4-442e-9147-4d239415de40,14 - Parts of the Body,(nothing only)skin and bone,/ˈnəθɪŋ ˈoʊnli skɪn ən bəʉn/,dictionary+eng_to_ipa+fixed_function
30dfea3d-286a-499d-ba36-c4ae1516f486,14 - Parts of the Body,(nothing all and bone),/ˈnəθɪŋ ɔl ən bəʉn/,dictionary+eng_to_ipa+fixed_function
d5274a71-375b-464e-85bf-75a14597add7,14 - Parts of the Body,split hairs,/splɪt hɛrz/,eng_to_ipa
7a49cbff-016c-4316-9131-b865b1cda3c1,14 - Parts of the Body,tear your hair(out),/tɪr jʊr hɛr aʊt/,eng_to_ipa
bcaea0ef-adb8-44b1-8453-f7faf29b109d,14 - Parts of the Body,(as)tough as old boots| (as)tough as nails,/əz təf əz oʊld buts əz təf əz neɪlz/,eng_to_ipa+fixed_function
872e6800-755e-42c7-82f6-961a68da7953,14 - Parts of the Body,a firm hand,/ə fərm hænd/,eng_to_ipa+fixed_function
5dadc1c2-afb3-41cb-9591-0c075bd8ce7e,14 - Parts of the Body,all hands on deck,/ɔl hæn(d)z ɔn dɛk/,dictionary+eng_to_ipa
43ffc75d-0b4f-4738-a396-54ec0154ff55,14 - Parts of the Body,(close hand),/kloʊz hænd/,eng_to_ipa
f8697ab7-5e06-4892-8332-5a0109c690ee,14 - Parts of the Body,near)at hand,/nɪə(ɹ) ət hænd/,dictionary+eng_to_ipa+fixed_function
083cef56-f47f-4ebd-bf98-f538a4984d30,14 - Parts of the Body,at the hands of somebody |at somebody's hands,/ət ðə hæn(d)z əv ˈsəmˌbɑdi ət ˈsəmˌbɑdiz hæn(d)z/,dictionary+eng_to_ipa+fixed_function
a2e0bffa-cc31-4b92-9611-5baf66cf1c7a,14 - Parts of the Body,bind somebody hand and foot,/baɪnd ˈsəmˌbɑdi hænd ən fʊt/,dictionary+eng_to_ipa+fixed_function
522eb419-13be-4ac9-8578-a6192f648642,14 - Parts of the Body,tie somebody hand and foot,/taɪ ˈsəmˌbɑdi hænd ən fʊt/,eng_to_ipa+fixed_function
1805aadd-4c34-4681-a7e9-2f8d22d61df9,14 - Parts of the Body,bite the hand that feeds you,/bʌɪt ðə hænd ðət fidz jʉː/,dictionary+eng_to_ipa+fixed_function
3c1daeb5-a189-4795-be50-634f3df35a20,14 - Parts of the Body,cash in hand,/kæʃ ɪn hænd/,dictionary+eng_to_ipa
1e644b28-af7d-41b1-9648-7b899c000e3d,14 - Parts of the Body,change hands,/ʧeɪnʤ hæn(d)z/,dictionary+eng_to_ipa
b1e37223-f5f4-4378-9da1-ea50689fb68f,14 - Parts of the Body,eat out of your hand,/iːt aʊt əv jʊr hænd/,dictionary+eng_to_ipa+fixed_function
a619b7d1-f50f-4f31-a040-620a4b089d2c,14 - Parts of the Body,eat out of somebody's hand,/iːt aʊt əv ˈsəmˌbɑdiz hænd/,dictionary+eng_to_ipa+fixed_function
e3f7b70a-c5e4-4a97-9a2c-12060c2c5937,14 - Parts of the Body,fall into somebody's hands,/fɔːl ˈɪntu ˈsəmˌbɑdiz hæn(d)z/,dictionary+eng_to_ipa
a63d0279-0e59-4421-9646-d0ca2b9ddca8,14 - Parts of the Body,fall into somebody's the hands of somebody,/fɔːl ˈɪntu ˈsəmˌbɑdiz ðə hæn(d)z əv ˈsəmˌbɑdi/,dictionary+eng_to_ipa+fixed_function
b24b0c58-9e2c-4327-a7bb-71756164989b,14 - Parts of the Body,(at)first hand,/ət fɪrst hænd/,dictionary+eng_to_ipa+fixed_function
ddbe94f8-f812-4667-91a1-411e9f3eb955,14 - Parts of the Body,fold your hands,/fəʊld jʊr hæn(d)z/,dictionary+eng_to_ipa
0c1d658a-c752-4c0d-a127-1f50eae7fa2e,14 - Parts of the Body,force someone's hand,/fɔrs ˈsəmˌwənz hænd/,eng_to_ipa
18263615-915b-4d33-b6f7-abc6eab2d6c2,14 - Parts of the Body,"gain,get,have,etc.the upper hand",/ɡeɪn gɪt hæv ˌɛtˈsɛtərə ðə ˈʌpə hænd/,dictionary+eng_to_ipa+fixed_function
7ce2dbe0-d044-425f-b6da-e7f0f53886b1,14 - Parts of the Body,get your hands dirty,/gɪt jʊr hæn(d)z ˈdərti/,dictionary+eng_to_ipa
9dd42689-6892-42f8-81f1-002b5c075d5e,14 - Parts of the Body,"get,have,etc.a free hand",/gɪt hæv ˌɛtˈsɛtərə ə fɹiː hænd/,dictionary+eng_to_ipa+fixed_function
9eb00bf3-2df8-4838-8158-0fedb12230a5,14 - Parts of the Body,go cap in hand (to somebody),/goʊ kæp ɪn hænd tə ˈsəmˌbɑdi/,dictionary+eng_to_ipa+fixed_function
d53e88ec-7173-4473-b4e4-52927c133d85,14 - Parts of the Body,give somebody a big hand,/gɪv ˈsəmˌbɑdi ə bɪg hænd/,eng_to_ipa+fixed_function
1c3b5f9d-a940-48a9-8213-9d094cc7a373,14 - Parts of the Body,give get a big hand,/gɪv gɪt ə bɪg hænd/,eng_to_ipa+fixed_function
a5aea947-15ca-49bf-9759-ab3a6e617642,14 - Parts of the Body,give a helping hand,/gɪv ə ˈhɛlpɪŋ hænd/,dictionary+eng_to_ipa+fixed_function
3d8c974c-64d1-48ec-8eb8-b807d109a4da,14 - Parts of the Body,lend a helping hand,/lɛnd ə ˈhɛlpɪŋ hænd/,dictionary+eng_to_ipa+fixed_function
bd1fd4e1-cdc6-4304-840e-28429158eb07,14 - Parts of the Body,hand in glove (with somebody),/hænd ɪn ɡlʌv wɪθ ˈsəmˌbɑdi/,dictionary+eng_to_ipa
fed881c8-b25b-4afc-a246-8020be002263,14 - Parts of the Body,hand in hand,/hænd ɪn hænd/,eng_to_ipa
9e4824f3-9979-47d3-a66f-8291fe568cc6,14 - Parts of the Body,hands down,/hæn(d)z daʊn/,dictionary+eng_to_ipa
a63ece7a-e9ac-405d-a105-159f2bae2fcc,14 - Parts of the Body,the dead hand of something,/ðə diːd hænd əv ˈsamθɪŋ/,dictionary+eng_to_ipa+fixed_function
f7e41b1f-455a-42be-a86c-399e350a853b,14 - Parts of the Body,an iron hand in a velvet glove,/ən aɪərn hænd ɪn ə ˈvɛlvɪt ɡlʌv/,dictionary+eng_to_ipa+fixed_function
042be9d6-4469-427a-9929-69ef3905f48b,14 - Parts of the Body,an iron fist in a velvet glove,/ən aɪərn fɪst ɪn ə ˈvɛlvɪt ɡlʌv/,dictionary+eng_to_ipa+fixed_function
4f1ed1d7-5309-4573-9e5d-2d4b87dd448e,14 - Parts of the Body,get your hands on someone,/gɪt jʊr hæn(d)z ɔn ˈsəmˌwən/,dictionary+eng_to_ipa
a12264bf-6ca2-4a2c-913b-6ffb02f4b023,14 - Parts of the Body,put your hands on someone,/pʊt jʊr hæn(d)z ɔn ˈsəmˌwən/,dictionary+eng_to_ipa
b568a1a8-b6b7-4508-b924-81ee6946e38a,14 - Parts of the Body,lay your hands on someone,/leɪ jʊr hæn(d)z ɔn ˈsəmˌwən/,dictionary+eng_to_ipa
b3775ddc-5eb0-4371-98ee-1dfa1ed08eba,14 - Parts of the Body,have (someone's)blood on your hands,/hæv ˈsəmˌwənz blʊd ɔn jʊr hæn(d)z/,dictionary+eng_to_ipa
10c6fa1b-b629-4021-8540-96f758e4ccfb,14 - Parts of the Body,have somebody in the palm of your hand,/hæv ˈsəmˌbɑdi ɪn ðə ˈpæm əv jʊr hænd/,dictionary+eng_to_ipa+fixed_function
fd65a2e3-b9fd-4b71-b5f8-ad3815507d76,14 - Parts of the Body,have something on your hands,/hæv ˈsamθɪŋ ɔn jʊr hæn(d)z/,dictionary+eng_to_ipa
6e3bb691-1034-45e8-b321-0ed9ef234dc5,14 - Parts of the Body,have your hands full,/hæv jʊr hæn(d)z fʊl/,dictionary+eng_to_ipa
9f457369-3542-4d99-8a28-e7e60531f258,14 - Parts of the Body,have your hands tied,/hæv jʊr hæn(d)z taɪd/,dictionary+eng_to_ipa
ef5cd535-cd14-49a7-9413-a0a96d90fa30,14 - Parts of the Body,have whip hand 〔over somebody,/hæv wɪp hænd ˈoʊvər ˈsəmˌbɑdi/,dictionary+eng_to_ipa
2fb19103-52e7-4598-9e10-e27de31c61fb,14 - Parts of the Body,have whip hand 〔over something),/hæv wɪp hænd ˈoʊvər ˈsamθɪŋ/,dictionary+eng_to_ipa
91497e82-1559-4e0c-b835-0aad1d4839e1,14 - Parts of the Body,"hold,etc.the whip hand 〔over somebody",/hoʊld ˌɛtˈsɛtərə ðə wɪp hænd ˈoʊvər ˈsəmˌbɑdi/,dictionary+eng_to_ipa+fixed_function
62181ffd-9fb2-443c-94b3-f6d7a510dc4f,14 - Parts of the Body,"hold,etc.the whip hand 〔over something)",/hoʊld ˌɛtˈsɛtərə ðə wɪp hænd ˈoʊvər ˈsamθɪŋ/,dictionary+eng_to_ipa+fixed_function
c4b77322-a0e8-44e5-9a7e-fedb7f8eaf0e,14 - Parts of the Body,heavy hand,/ˈhe.vi hænd/,dictionary+eng_to_ipa
3f9cae15-7e03-4962-90d7-de7cbc9a00fd,14 - Parts of the Body,hold your hands up(to something),/hoʊld jʊr hæn(d)z əp tə ˈsamθɪŋ/,dictionary+eng_to_ipa+fixed_function
d2ee134c-4f67-4771-b050-2ba6e4867309,14 - Parts of the Body,put your hands up(to something),/pʊt jʊr hæn(d)z əp tə ˈsamθɪŋ/,dictionary+eng_to_ipa+fixed_function
8e2c0d3f-8f7f-48c2-9ad9-fcffcb4df0bd,14 - Parts of the Body,I've only got one pair of hands,/aɪv ˈoʊnli gɑt wən pɛə(ɹ) əv hæn(d)z/,dictionary+eng_to_ipa+fixed_function
9caccc10-2b4a-4dec-9b0e-8a3557bc426c,14 - Parts of the Body,"in somebody's capable,safe,etc.hands",/ɪn ˈsəmˌbɑdiz ˈkeɪpəbl̩ seɪf ˌɛtˈsɛtərə hæn(d)z/,dictionary+eng_to_ipa
fe32f80c-d5f9-471d-8cf6-09ef4a7a394e,14 - Parts of the Body,in the hands of somebody|in somebody's hands,/ɪn ðə hæn(d)z əv ˈsəmˌbɑdi ɪn ˈsəmˌbɑdiz hæn(d)z/,dictionary+eng_to_ipa+fixed_function
479f4ba5-3f27-4e2a-9ae1-010a2712d03b,14 - Parts of the Body,join hands(with somebody),/ˈdʒɔɪn hæn(d)z wɪθ ˈsəmˌbɑdi/,dictionary+eng_to_ipa
894b19ec-a1a7-4b55-97f5-ae739cdd2541,14 - Parts of the Body,keep your hand in,/kiːp jʊr hænd ɪn/,dictionary+eng_to_ipa
874f5b74-9397-47e4-b7c0-638cccaf6067,14 - Parts of the Body,know somebody inside out |know somebody like the back of your hand,/nəʊ ˈsəmˌbɑdi ɪnˈsaɪd aʊt nəʊ ˈsəmˌbɑdi laɪk ðə bæk əv jʊr hænd/,dictionary+eng_to_ipa+fixed_function
2f10c697-af09-4330-903c-42d6ce8de857,14 - Parts of the Body,know somebody inside out |know something like the back of your hand,/nəʊ ˈsəmˌbɑdi ɪnˈsaɪd aʊt nəʊ ˈsamθɪŋ laɪk ðə bæk əv jʊr hænd/,dictionary+eng_to_ipa+fixed_function
3a9688b1-6c46-447e-97dc-bb3a487d422f,14 - Parts of the Body,know something inside out |know somebody like the back of your hand,/nəʊ ˈsamθɪŋ ɪnˈsaɪd aʊt nəʊ ˈsəmˌbɑdi laɪk ðə bæk əv jʊr hænd/,dictionary+eng_to_ipa+fixed_function
21552cf3-2048-46b9-9500-615c7974ca09,14 - Parts of the Body,know something inside out |know something like the back of your hand,/nəʊ ˈsamθɪŋ ɪnˈsaɪd aʊt nəʊ ˈsamθɪŋ laɪk ðə bæk əv jʊr hænd/,dictionary+eng_to_ipa+fixed_function
99580377-2bd0-482b-b0ed-d13a70361995,14 - Parts of the Body,make money hand over fist,/meɪk ˈmʌni hænd ˈoʊvər fɪst/,dictionary+eng_to_ipa
0e47586f-74c7-492d-b3c8-20e3d00ce66c,14 - Parts of the Body,lose money hand over fist,/luz ˈmʌni hænd ˈoʊvər fɪst/,dictionary+eng_to_ipa
29aab8d5-7c04-4065-b635-67be675c400b,14 - Parts of the Body,many hands make light work,/ˈmɛni hæn(d)z meɪk laɪt wərk/,dictionary+eng_to_ipa
73e392dd-2325-4fd2-ad6f-095123809a2f,14 - Parts of the Body,not lift a finger do something),/nɑt lɪft ə ˈfɪŋəɹ dʉː ˈsamθɪŋ/,dictionary+eng_to_ipa+fixed_function
eb4370ac-4175-4d60-a48a-3a27a13b0367,14 - Parts of the Body,not lift a hand(to do something),/nɑt lɪft ə hænd tə dʉː ˈsamθɪŋ/,dictionary+eng_to_ipa+fixed_function
a4b50048-671c-4eb2-a79b-0b09c305ada2,14 - Parts of the Body,not raise a finger do something),/nɑt ɹeɪz ə ˈfɪŋəɹ dʉː ˈsamθɪŋ/,dictionary+eng_to_ipa+fixed_function
f811b2c0-7e3f-437a-bb91-d12073e16425,14 - Parts of the Body,not raise a hand(to do something),/nɑt ɹeɪz ə hænd tə dʉː ˈsamθɪŋ/,dictionary+eng_to_ipa+fixed_function
7631709e-ca71-422a-8a83-c03be20d9c92,14 - Parts of the Body,off one's hands,/ɔf wənz hæn(d)z/,dictionary+eng_to_ipa
3fcd26a2-c989-4f18-a5ee-78e24d421ba6,14 - Parts of the Body,out of hand,/aʊt əv hænd/,eng_to_ipa+fixed_function
e66115bc-fccd-4b2b-8654-c2bfb626044d,14 - Parts of the Body,(like)putty in somebody's hands,/laɪk ˈpʌti ɪn ˈsəmˌbɑdiz hæn(d)z/,dictionary+eng_to_ipa
3416f17e-65d8-474f-a626-984e93b78b2c,14 - Parts of the Body,put your hand in your pocket,/pʊt jʊr hænd ɪn jʊr ˈpɒkɪt/,dictionary+eng_to_ipa
0370b6d5-1f3b-4dba-a089-d3c4fccaa723,14 - Parts of the Body,raise a,/ɹeɪz ə/,dictionary+fixed_function
664c3b77-ef18-4b89-a885-bc370b064e57,14 - Parts of the Body,to somebody,/tə ˈsəmˌbɑdi/,eng_to_ipa+fixed_function
1064d2e6-32c2-40c1-b435-c368abfcedbe,14 - Parts of the Body,your hand against somebody,/jʊr hænd əˈgɛnst ˈsəmˌbɑdi/,eng_to_ipa
83d8629c-536e-422c-beea-de6386611b56,14 - Parts of the Body,your hand to somebody,/jʊr hænd tə ˈsəmˌbɑdi/,eng_to_ipa+fixed_function
36218ba1-b3c7-4f58-8ea2-eeb6afaf5f50,14 - Parts of the Body,a safe pair of hands,/ə seɪf pɛə(ɹ) əv hæn(d)z/,dictionary+eng_to_ipa+fixed_function
b32ff01c-99a6-429e-b4dd-11e90049b4f4,14 - Parts of the Body,a show of hands,/ə ʃəʊ əv hæn(d)z/,dictionary+fixed_function
6e0ab8fe-87b9-4bd7-90b3-ce937a7aad5c,14 - Parts of the Body,on the one hand...on the other hand,/ɔn ðə wən hænd ɔn ðə ˈɐðə hænd/,dictionary+eng_to_ipa+fixed_function
2e0f5c60-412d-4159-b572-51e20f0bb448,14 - Parts of the Body,overplay your hand,/ˈoʊvərˈpleɪ jʊr hænd/,eng_to_ipa
0612381f-762f-42d7-b6f5-d84e52a57111,14 - Parts of the Body,play into someone's hands,/pleɪ ˈɪntu ˈsəmˌwənz hæn(d)z/,dictionary+eng_to_ipa
75a882ab-1c42-4992-955f-b914dc6ab38b,14 - Parts of the Body,stay your hand,/steɪ jʊr hænd/,eng_to_ipa
6e2ff32b-7aed-4bca-b45a-4fec084c9dcb,14 - Parts of the Body,take somebody in hand,/teɪk ˈsəmˌbɑdi ɪn hænd/,dictionary+eng_to_ipa
f30fbe98-e386-4aa2-b86f-0c6636dbf819,14 - Parts of the Body,take something in hand,/teɪk ˈsamθɪŋ ɪn hænd/,dictionary+eng_to_ipa
9ac92e43-0b19-445b-9a29-86179b11124a,14 - Parts of the Body,take something into your own hands,/teɪk ˈsamθɪŋ ˈɪntu jʊr oʊn hæn(d)z/,dictionary+eng_to_ipa
001c9c64-3086-49bf-82a0-7e24583bf1e6,14 - Parts of the Body,take the law into your own hands,/teɪk ðə lɔ ˈɪntu jʊr oʊn hæn(d)z/,dictionary+eng_to_ipa+fixed_function
ec1b15de-927a-44bb-a853-21a5fef2ceae,14 - Parts of the Body,take your courage in both hands,/teɪk jʊr ˈkʌɹɪdʒ ɪn boʊθ hæn(d)z/,dictionary+eng_to_ipa
b4e84597-ccf0-437f-ba3e-132e3aff21ab,14 - Parts of the Body,take your life in your hands,/teɪk jʊr laɪf ɪn jʊr hæn(d)z/,dictionary+eng_to_ipa
de53cd00-6634-4bc3-9c48-55bf0bc53a73,14 - Parts of the Body,turn your hand to something,/tərn jʊr hænd tə ˈsamθɪŋ/,dictionary+eng_to_ipa+fixed_function
58cec260-f5a7-405f-8e9a-cbd79d50923d,14 - Parts of the Body,the job in hand,/ðə ʤɑb ɪn hænd/,eng_to_ipa+fixed_function
81aa4c3f-0849-4522-b8fe-cbd80e7b69fc,14 - Parts of the Body,the matter in hand,/ðə ˈmætə ɪn hænd/,dictionary+eng_to_ipa+fixed_function
36a67ce5-75c1-4883-ad95-d2cb91dac34f,14 - Parts of the Body,throw up your hands in horror,/θroʊ əp jʊr hæn(d)z ɪn ˈhɔɹɚ/,dictionary+eng_to_ipa
6bca3a49-ff6a-4a0f-9597-24a4c7a2ffbf,14 - Parts of the Body,throw up your hands in despair,/θroʊ əp jʊr hæn(d)z ɪn dɪˈspɛə(ɹ)/,dictionary+eng_to_ipa
dd2ba543-14e6-43ca-bc5c-35953f2b1409,14 - Parts of the Body,throw your hand in,/θroʊ jʊr hænd ɪn/,eng_to_ipa
5c6c19a9-2b78-4f68-9c61-4d6fbb112b1f,14 - Parts of the Body,try your hand(at something),/traɪ jʊr hænd ət ˈsamθɪŋ/,dictionary+eng_to_ipa+fixed_function
349ea7c4-5524-4145-bbc2-2e9df2afda30,14 - Parts of the Body,wait on somebody hand and foot,/weɪt ɔn ˈsəmˌbɑdi hænd ən fʊt/,dictionary+eng_to_ipa+fixed_function
9f6e0691-4092-4773-8610-30aa134ba38c,14 - Parts of the Body,wash your hands of somebody,/wɑʃ jʊr hæn(d)z əv ˈsəmˌbɑdi/,dictionary+eng_to_ipa+fixed_function
e56e2fed-10e3-42cd-a213-e6264c435c3b,14 - Parts of the Body,wash your hands of something,/wɑʃ jʊr hæn(d)z əv ˈsamθɪŋ/,dictionary+eng_to_ipa+fixed_function
b463234e-94b2-4033-b2d7-eb5f99a24da9,14 - Parts of the Body,win (something)hands down,/wɪn ˈsamθɪŋ hæn(d)z daʊn/,dictionary+eng_to_ipa
cb0c23b1-a188-48b8-8461-654287eb7f1d,14 - Parts of the Body,wring your hands,/rɪŋ jʊr hæn(d)z/,dictionary+eng_to_ipa
e5f079be-7e5d-44f9-bdc5-5f3868326f08,14 - Parts of the Body,a shot in the arm,/ə ʃɑt ɪn ðə ɑːm/,dictionary+eng_to_ipa+fixed_function
cdc0deaa-4df0-4d33-82ac-9f3c4c82c436,14 - Parts of the Body,be able to count somebody on(the fingers of)one hand,/bi ˈeɪbəl tə kaʊnt ˈsəmˌbɑdi ɔn ðə ˈfɪŋɡəz əv wən hænd/,dictionary+eng_to_ipa+fixed_function
45c65413-e66f-45bf-a697-63d684876b7e,14 - Parts of the Body,be able to count something on(the fingers of)one hand,/bi ˈeɪbəl tə kaʊnt ˈsamθɪŋ ɔn ðə ˈfɪŋɡəz əv wən hænd/,dictionary+eng_to_ipa+fixed_function
d8c6e6b0-129b-41b7-bba1-78ac3777c112,14 - Parts of the Body,be all (fingers and)thumbs,/bi ɔl ˈfɪŋɡəz ən θəmz/,dictionary+eng_to_ipa+fixed_function
85c7bb34-f797-4dfc-855d-c0dbc3f04a35,14 - Parts of the Body,finger in the air,/ˈfɪŋəɹ ɪn ðə ˈɛə/,dictionary+eng_to_ipa+fixed_function
f6f8d866-d887-4fd6-9187-f8e100f6a439,03 - Starting and Finishing,draw sth to a close,/dɹɔː ˈsamθɪŋ tə ə kloʊz/,dictionary+eng_to_ipa+fixed_function
9f814520-eef5-463d-bda1-5f65df77d587,03 - Starting and Finishing,draw sth to an end,/dɹɔː ˈsamθɪŋ tə ən ɛnd/,dictionary+fixed_function
c0a76f8b-317f-4774-a842-c73b10a1c8dd,03 - Starting and Finishing,close finish,/kloʊz ˈfɪnɪʃ/,dictionary+eng_to_ipa
3d13e0c1-423c-4cf3-ae4a-02ee70ba8bf8,03 - Starting and Finishing,come to a stop,/kəm tə ə stɑp/,eng_to_ipa+fixed_function
3f7292b3-bc98-4f01-841a-dcf257acd6a3,03 - Starting and Finishing,come to an end,/kəm tə ən ɛnd/,dictionary+eng_to_ipa+fixed_function
9ac74b50-4ccd-4046-8b88-ba8699e2a24f,03 - Starting and Finishing,crack on with sth,/kɹæk ɔn wɪθ ˈsamθɪŋ/,dictionary+eng_to_ipa
730adfde-2773-4c9f-96fd-63cde8585827,03 - Starting and Finishing,crack on with doing sth,/kɹæk ɔn wɪθ duɪŋ ˈsamθɪŋ/,dictionary+eng_to_ipa
2cb9d143-73ea-4e73-bb4d-e1d2bd91b3c1,03 - Starting and Finishing,finish the day,/ˈfɪnɪʃ ðə deɪ/,dictionary+eng_to_ipa+fixed_function
13559f73-aeeb-41a7-a3bf-5ca307b72916,03 - Starting and Finishing,get off to a good start,/gɪt ɔf tə ə gʊd stɑrt/,eng_to_ipa+fixed_function
2ed3935a-cd6b-46d6-aee2-0463a09ce6ff,03 - Starting and Finishing,make a fresh start,/meɪk ə fɹɛʃ stɑrt/,dictionary+eng_to_ipa+fixed_function
fa8a1746-2393-4bbf-9bb3-750006dc21b8,14 - Parts of the Body,"get,pull,etc.your finger out",/gɪt pʊl ˌɛtˈsɛtərə jʊr ˈfɪŋəɹ aʊt/,dictionary+eng_to_ipa
ce1f876a-bdc4-4f05-8a47-76faeb53e88e,14 - Parts of the Body,give your right arm for something do something,/gɪv jʊr raɪt ɑːm fə ˈsamθɪŋ dʉː ˈsamθɪŋ/,dictionary+eng_to_ipa+fixed_function
f0df0b45-1d75-429a-b743-0a8f0ad0a3bf,14 - Parts of the Body,give your right arm for to do something,/gɪv jʊr raɪt ɑːm fə tə dʉː ˈsamθɪŋ/,dictionary+eng_to_ipa+fixed_function
b0d4e85b-d9ed-45ca-9dda-a129c6580d9d,14 - Parts of the Body,have a finger in every pie,/hæv ə ˈfɪŋəɹ ɪn ˈɛvəri paɪ/,dictionary+eng_to_ipa+fixed_function
90458ae5-6165-49da-a335-00eac056038b,14 - Parts of the Body,have sticky fingers,/hæv ˈstɪki ˈfɪŋɡəz/,dictionary+eng_to_ipa
7044c5a8-5e71-4996-a69c-0982f8259a1e,14 - Parts of the Body,"have,etc.your fingers in the till",/hæv ˌɛtˈsɛtərə jʊr ˈfɪŋɡəz ɪn ðə tɪl/,dictionary+eng_to_ipa+fixed_function
63c01586-9107-4917-8495-545ce3e363bf,14 - Parts of the Body,have your finger on the pulse (of something),/hæv jʊr ˈfɪŋəɹ ɔn ðə pʊls əv ˈsamθɪŋ/,dictionary+eng_to_ipa+fixed_function
17e220f5-1f30-4772-957e-7450cb4e8334,14 - Parts of the Body,keep your finger on the pulse (of something),/kiːp jʊr ˈfɪŋəɹ ɔn ðə pʊls əv ˈsamθɪŋ/,dictionary+eng_to_ipa+fixed_function
6290094c-6ed9-4405-ba15-206c4044ef21,14 - Parts of the Body,keep someone at arm's length,/kiːp ˈsəmˌwən ət ɑrmz lɛn(t)θ/,dictionary+eng_to_ipa+fixed_function
eda2dd18-5ca4-4c31-8513-ff6f5887af97,14 - Parts of the Body,lay a finger on somebody,/leɪ ə ˈfɪŋəɹ ɔn ˈsəmˌbɑdi/,dictionary+eng_to_ipa+fixed_function
ee3e0ee0-d29c-42fb-8f5d-5c18a828bf90,14 - Parts of the Body,let something slip(through your fingers),/lɛt ˈsamθɪŋ slɪp θru jʊr ˈfɪŋɡəz/,dictionary+eng_to_ipa
d7b3e9e5-3a48-430f-b1de-a1c515cf26ac,14 - Parts of the Body,point a finger(at somebody),/pɔɪnt ə ˈfɪŋəɹ ət ˈsəmˌbɑdi/,dictionary+eng_to_ipa+fixed_function
b90628a6-ab9f-4489-8eaf-7a6f9e304396,14 - Parts of the Body,point the finger(at somebody),/pɔɪnt ðə ˈfɪŋəɹ ət ˈsəmˌbɑdi/,dictionary+eng_to_ipa+fixed_function
deca522b-b268-4c2b-8ba1-f3bbbcc15173,14 - Parts of the Body,put two fingers up at somebody,/pʊt tuː ˈfɪŋɡəz əp ət ˈsəmˌbɑdi/,dictionary+eng_to_ipa+fixed_function
92c5c497-1889-46c3-855b-e43b8e32516f,14 - Parts of the Body,stick two fingers up at somebody,/stɪk tuː ˈfɪŋɡəz əp ət ˈsəmˌbɑdi/,dictionary+eng_to_ipa+fixed_function
50a10ec9-c4c7-4c92-9eae-4619ca08aabe,03 - Starting and Finishing,kick off(a event),/kɪk ɔf ə əˈvɛnt/,dictionary+eng_to_ipa+fixed_function
ec6b9861-2563-4cae-82a1-54e0b9745acf,14 - Parts of the Body,stick in your head,/stɪk ɪn jʊr hɛd/,dictionary+eng_to_ipa
f5088784-3cec-4770-8eb4-8fe1048902c7,14 - Parts of the Body,cost an arm and a leg,/kɔst ən ɑːm ən ə lɛg/,dictionary+eng_to_ipa+fixed_function
0259c66c-c2f4-42cf-bd97-6aea226a9726,14 - Parts of the Body,pay an arm and a leg,/peɪ ən ɑːm ən ə lɛg/,dictionary+eng_to_ipa+fixed_function
7c2770b7-0fca-49c9-87ec-77f0de8893c5,14 - Parts of the Body,cross your fingers,/krɔs jʊr ˈfɪŋɡəz/,dictionary+eng_to_ipa
38701b08-d2a6-4d6e-906e-4dbc7d308e08,14 - Parts of the Body,chance your arm,/ʧæns jʊr ɑːm/,dictionary+eng_to_ipa
56115b18-1f82-42d9-ac0b-c6b4d39c5a8b,14 - Parts of the Body,snap your fingers,/snæp jʊr ˈfɪŋɡəz/,dictionary+eng_to_ipa
51816052-1069-4c30-a529-60e4656ec0dc,14 - Parts of the Body,(not)put your finger on something,/nɑt pʊt jʊr ˈfɪŋəɹ ɔn ˈsamθɪŋ/,dictionary+eng_to_ipa
3d7b5acc-8661-493b-8e4b-6faa65ac3d6d,14 - Parts of the Body,the finger of blame,/ðə ˈfɪŋəɹ əv bleɪm/,dictionary+eng_to_ipa+fixed_function
56c016f5-fa03-4266-98c0-f40d0353cd4d,14 - Parts of the Body,the finger of suspicion,/ðə ˈfɪŋəɹ əv sə.ˈspɪ.ʃən/,dictionary+fixed_function
0d398ec4-060f-4965-aeac-caf10541a1ed,14 - Parts of the Body,the long arm of something,/ðə ˈlɔːŋ ɑːm əv ˈsamθɪŋ/,dictionary+fixed_function
50590df2-54f5-419e-8bed-7fde2a1fac7d,14 - Parts of the Body,with open arms,/wɪθ ˈoʊpən ɑrmz/,eng_to_ipa
79a90e35-8db6-40af-bfc4-1814ec3fa5f4,03 - Starting and Finishing,a lull in the conversation,/ə lʌl ɪn ðə ˌkɒn.vəˈseɪ.ʃən/,dictionary+eng_to_ipa+fixed_function
67786904-407f-4244-90f9-f41582c9bebf,14 - Parts of the Body,work your fingers to the bone,/wərk jʊr ˈfɪŋɡəz tə ðə bəʉn/,dictionary+eng_to_ipa+fixed_function
3b727f67-a9cf-4e32-815b-9bdd948fafa2,03 - Starting and Finishing,abandon an attempt to do sth,/əˈbæn.dən ən əˈtɛmpt tə dʉː ˈsamθɪŋ/,dictionary+eng_to_ipa+fixed_function
38dfd064-7538-4c51-b145-b1d655a98c43,03 - Starting and Finishing,abruptly terminate,/əˈbrəptli ˈtɜːmɪneɪt/,dictionary+eng_to_ipa
025b144f-14f5-4ae7-964c-f3b359d7af1f,03 - Starting and Finishing,absolute beginner,/ˈæb.səˌljuːt bɪˈɡɪnə/,dictionary
d96b45e2-c955-4ef8-8d3e-755e2d9f3eda,03 - Starting and Finishing,bring sth to a halt,/brɪŋ ˈsamθɪŋ tə ə hɔlt/,dictionary+eng_to_ipa+fixed_function
6552edae-f82d-4545-a0a5-d0f9c03ad1d1,03 - Starting and Finishing,make a clean break,/meɪk ə klin breɪk/,dictionary+eng_to_ipa+fixed_function
e995b0ea-aad7-460d-99ab-825be605e7a8,03 - Starting and Finishing,make a promising start,/meɪk ə ˈpɹɒmɪsɪŋ stɑrt/,dictionary+eng_to_ipa+fixed_function
8ee17177-8eb6-44f7-a0fb-61eb5af80255,03 - Starting and Finishing,make a stop,/meɪk ə stɑp/,dictionary+eng_to_ipa+fixed_function
d98593c2-dcf8-4bf4-8a8a-c710e745abf3,03 - Starting and Finishing,mark the beginning,/mɑɹk ðə bɪˈgɪnɪŋ/,dictionary+eng_to_ipa+fixed_function
c8da10b5-5949-4bef-a7a5-7ea678a59bba,03 - Starting and Finishing,put a stop to sth,/pʊt ə stɑp tə ˈsamθɪŋ/,dictionary+eng_to_ipa+fixed_function
ee8fd2d9-a430-4539-92df-c2612f737303,03 - Starting and Finishing,put the finishing touches,/pʊt ðə ˈfɪnɪʃɪŋ ˈtəʧɪz/,eng_to_ipa+fixed_function
b3bf84be-f321-42b3-812d-a5e3d64332ff,03 - Starting and Finishing,terminate a contract,/ˈtɜːmɪneɪt ə ˈkɑnˌtrækt/,dictionary+eng_to_ipa+fixed_function
54fdee29-b373-4125-80ff-3f8073aab7be,03 - Starting and Finishing,terminate an agreement,/ˈtɜːmɪneɪt ən əˈɡɹiːmənt/,dictionary+fixed_function
6d419e3d-7e54-46b7-aa7f-edaf3156c9ef,03 - Starting and Finishing,a perfect end,/ə ˈpɜː.fɛkt ɛnd/,dictionary+fixed_function
3b3632de-e2f3-4d09-8cbc-38e72a142dc2,03 - Starting and Finishing,abrupt end,/əˈbrəpt ɛnd/,dictionary+eng_to_ipa
539e6ec5-a2d3-47e9-a6a0-330f1c459390,06 - Attempt,a piece of cake,/ə pis əv keɪk/,eng_to_ipa+fixed_function
8a803d78-7ffb-48aa-8df3-d844c45e339e,03 - Starting and Finishing,stop sign,/stɑp saɪn/,eng_to_ipa
b34ec831-3ee3-4104-a54a-3f1d87e968d3,03 - Starting and Finishing,be at the outset of sth,/bi ət ðə ˈaʊtˌsɛt əv ˈsamθɪŋ/,dictionary+eng_to_ipa+fixed_function
e02abd30-853e-4fef-b8d3-680ede63763f,03 - Starting and Finishing,be nearing completion,/bi ˈnɪrɪŋ kəmˈpliʃən/,eng_to_ipa
3d6d075d-43fd-4d53-935a-b791cfd67e91,03 - Starting and Finishing,come to fruition,/kəm tə fruˈɪʃən/,eng_to_ipa+fixed_function
3a034f1a-35cc-46ca-b257-2d054c8b69d3,03 - Starting and Finishing,embark on,/ɪmˈbɑrk ɔn/,eng_to_ipa
072dfd60-4eaa-4496-bfa9-c2acacc3ca80,03 - Starting and Finishing,embark venture,/ɪmˈbɑrk ˈvɛnʧər/,eng_to_ipa
924fedc2-fb82-4db5-9f03-6e72237a088f,03 - Starting and Finishing,embark career,/ɪmˈbɑrk kəˈɹɪə/,dictionary+eng_to_ipa
21494686-bd9e-40c0-8035-ce9f87fc16a5,03 - Starting and Finishing,upon a journey,/əˈpɒn ə ˈʤərni/,dictionary+eng_to_ipa+fixed_function
74f82a1f-d27e-406e-96e5-ab1488154a0f,03 - Starting and Finishing,upon a venture,/əˈpɒn ə ˈvɛnʧər/,dictionary+eng_to_ipa+fixed_function
e4b5faf4-1f75-4c22-8cc0-3ced10cf4062,03 - Starting and Finishing,upon a career,/əˈpɒn ə kəˈɹɪə/,dictionary+fixed_function
d44512a5-42f0-4ad4-83b7-cb27a7ac6eec,03 - Starting and Finishing,end result,/ɛnd ɹɪˈzʌlt/,dictionary
da7e80da-359f-4d91-9861-26405964c2b6,03 - Starting and Finishing,from start to finish,/frəm stɑrt tə ˈfɪnɪʃ/,dictionary+eng_to_ipa+fixed_function
074b771e-fe79-4fb5-9968-d2613966c863,03 - Starting and Finishing,get off to a bad start,/gɪt ɔf tə ə bæːd stɑrt/,dictionary+eng_to_ipa+fixed_function
89bb6845-0095-42aa-89d2-aa57cdc0cc72,03 - Starting and Finishing,get started,/gɪt ˈstɑrtɪd/,eng_to_ipa
da39487c-6368-48d7-b242-4ce778a1b627,03 - Starting and Finishing,initiate a process,/ˌɪˈnɪʃiˌeɪt ə ˈpɹoʊsɛs/,dictionary+eng_to_ipa+fixed_function
1e7768b7-8c1f-4acf-b37c-03920a81db20,03 - Starting and Finishing,initiate a dialogue,/ˌɪˈnɪʃiˌeɪt ə ˈdaɪəˌlɔg/,eng_to_ipa+fixed_function
e45a2746-3465-4443-a1e1-dcc255502dcb,03 - Starting and Finishing,initiate a reform,/ˌɪˈnɪʃiˌeɪt ə rɪˈfɔrm/,eng_to_ipa+fixed_function
ad2efc63-a68d-4cab-b9be-7e67c28af8e2,03 - Starting and Finishing,kick off(a meeting),/kɪk ɔf ə ˈmiːtɪŋ/,dictionary+eng_to_ipa+fixed_function
5960eac7-beb8-451a-a4cf-6b3d64242b9f,03 - Starting and Finishing,launch a campaign,/lɔnʧ ə kæmˈpeɪn/,eng_to_ipa+fixed_function
746e8265-f026-40a1-9c93-326c30f127a1,03 - Starting and Finishing,launch a product,/lɔnʧ ə ˈprɑdəkt/,eng_to_ipa+fixed_function
de7d90b5-64c8-4e85-88a8-c39bd92360e5,03 - Starting and Finishing,launch an initiative,/lɔnʧ ən ˌɪˈnɪʃətɪv/,eng_to_ipa+fixed_function
73dd8152-b790-44d0-bd23-7d973fc73364,03 - Starting and Finishing,open up opportunities,/ˈoʊpən əp ˌɑpərˈtunətiz/,eng_to_ipa
a3c92d38-faa1-48c7-8ca2-bebc1f650d89,03 - Starting and Finishing,open up discussions,/ˈoʊpən əp dɪˈskəʃənz/,eng_to_ipa
d890676b-673a-4283-bf40-5e8de820abb6,03 - Starting and Finishing,set up a business,/sɛt əp ə ˈbɪznɪs/,eng_to_ipa+fixed_function
8586d7a0-468b-4ad2-b034-51a06b0378e6,03 - Starting and Finishing,set up a team,/sɛt əp ə tim/,eng_to_ipa+fixed_function
f4a89b3b-51d1-4cd3-8d7a-ef7326a68a8a,03 - Starting and Finishing,set up an organization,/sɛt əp ən ˌɔrgənəˈzeɪʃən/,eng_to_ipa+fixed_function
6e1610be-83c7-49fa-9f8e-03d2e2674a1c,03 - Starting and Finishing,signal the end of sth,/ˈsɪɡnəl ðə ɛnd əv ˈsamθɪŋ/,dictionary+fixed_function
1b923916-87c8-4d75-87a9-84cb0cd1e3e1,03 - Starting and Finishing,trigger a debate,/ˈtrɪgər ə dəˈbeɪt/,eng_to_ipa+fixed_function
fd186fbb-c7dd-4bf5-9bf1-d0dd02f9eb94,03 - Starting and Finishing,ignite a debate,/ˌɪgˈnaɪt ə dəˈbeɪt/,eng_to_ipa+fixed_function
40a002e8-4a59-45f2-90a5-92d96d78eced,03 - Starting and Finishing,spark a debate,/spɑrk ə dəˈbeɪt/,eng_to_ipa+fixed_function
62ff4e07-f604-40db-aa8e-58666ceb68ab,03 - Starting and Finishing,wind down operations,/ˈwaɪnd daʊn ˌɑpərˈeɪʃənz/,dictionary+eng_to_ipa
6ff875d0-6dfe-4383-94e0-ba39db771291,03 - Starting and Finishing,wind down activities,/ˈwaɪnd daʊn ækˈtɪvɪtiz/,dictionary+eng_to_ipa
847aa651-00ea-4bca-bc9b-819becf96be2,03 - Starting and Finishing,wrap up a project,/ɹæp əp ə ˈprɑʤɛkt/,dictionary+eng_to_ipa+fixed_function
2272ae05-6665-42ce-96b6-8bf5c4a74d6d,03 - Starting and Finishing,wrap up a deal,/ɹæp əp ə diːl/,dictionary+eng_to_ipa+fixed_function
284206b6-3baa-4a07-8f95-46c0462de378,03 - Starting and Finishing,signal the start of sth,/ˈsɪɡnəl ðə stɑrt əv ˈsamθɪŋ/,dictionary+eng_to_ipa+fixed_function
d86fc501-8f99-454a-85a8-eb1c2032f0d1,03 - Starting and Finishing,wrap up an event,/ɹæp əp ən əˈvɛnt/,dictionary+eng_to_ipa+fixed_function
bca515e3-e759-4c39-a255-153fbef60885,03 - Starting and Finishing,be done and dusted,/bi dʌn ən ˈdʌstɪd/,dictionary+eng_to_ipa+fixed_function
5885d26e-8270-4668-859c-cf67e4830185,03 - Starting and Finishing,be in the first flush of,/bi ɪn ðə fɪrst ˈflʌʃ əv/,dictionary+eng_to_ipa+fixed_function
04878d7e-7449-4ba4-9c9d-c77724adadf9,03 - Starting and Finishing,be in on the ground floor,/bi ɪn ɔn ðə graʊnd flɔr/,eng_to_ipa+fixed_function
25bcbe79-2f60-4c0f-a249-c74980033347,03 - Starting and Finishing,get in on the ground floor,/gɪt ɪn ɔn ðə graʊnd flɔr/,eng_to_ipa+fixed_function
e72351e6-0592-4e36-ab13-084fad7caeff,03 - Starting and Finishing,break new ground,/breɪk nu graʊnd/,eng_to_ipa
21e53974-c7fa-4c6e-b160-9666f5807b58,03 - Starting and Finishing,call it a day,/kɔl ɪt ə deɪ/,eng_to_ipa+fixed_function
c84fd1ee-abfc-4fb5-8544-80895d671064,03 - Starting and Finishing,call it quits,/kɔl ɪt kwɪts/,eng_to_ipa
